Lemma,Unique Topics Count,POS Tags
give,33,VERB
make,21,"VERB, NOUN"
subject,6,"ADJ, NOUN"
formula,15,NOUN
solve,14,"VERB, NOUN"
simultaneous,3,ADJ
equation,5,NOUN
show,54,"VERB, NOUN"
clear,10,ADJ
algebraic,11,ADJ
working,54,NOUN
write,46,VERB
first,24,"ADV, ADJ"
term,28,NOUN
sequence,6,NOUN
give,50,VERB
solution,9,NOUN
correct,47,"ADJ, VERB"
significant,21,ADJ
figure,21,NOUN
find,54,"VERB, NOUN"
value,60,NOUN
.2,1,PROPN
ii,35,PROPN
-33,2,PROPN
here,53,ADV
graph,22,NOUN
quadratic,6,"ADJ, NOUN"
function,5,NOUN
integer,16,NOUN
number,43,NOUN
line,30,"VERB, NOUN"
represent,12,"NOUN, VERB"
solution,6,NOUN
set,11,"NOUN, VERB"
part,39,"ADJ, NOUN"
part,3,NOUN
a,24,NOUN
show,40,VERB
dash,3,VERB
grid,20,"VERB, NOUN"
below,33,ADV
draw,16,VERB
arithmetic,2,"ADJ, NOUN"
expression,20,NOUN
term,8,NOUN
pattern,5,NOUN
make,26,VERB
use,26,VERB
identical,11,ADJ
rectangular,9,ADJ
tile,6,NOUN
total,31,"ADJ, NOUN"
area,29,NOUN
prove,10,"ADJ, VERB"
algebraically,6,ADV
straight,20,ADJ
equation,28,NOUN
tangent,8,NOUN
circle,17,NOUN
inequality,2,NOUN
diagram,40,"NOUN, PROPN"
write,17,VERB
form,44,"VERB, NOUN"
positive,16,ADJ
number,21,NOUN
work,62,"VERB, NOUN"
value,33,NOUN
find,39,VERB
possible,32,ADJ
ratio,26,NOUN
point,28,"VERB, NOUN"
Circle,49,PROPN
above,8,ADV
sketch,12,"NOUN, VERB"
geometric,2,ADJ
progression,1,NOUN
start,9,VERB
next,17,"ADJ, ADV"
expand,4,VERB
simplify,6,VERB
complete,22,VERB
table,28,NOUN
th,2,"ADJ, NOUN"
give,23,VERB
integer,27,NOUN
2nd,3,ADJ
4th,3,ADJ
6th,1,ADJ
Gemma,3,PROPN
say,34,VERB
+,10,"NOUN, PROPN"
3x,2,NOUN
have,48,VERB
explain,30,VERB
reasoning,11,NOUN
simplify,12,"VERB, NOUN"
fully,13,ADV
point,27,"VERB, NOUN"
coordinate,11,NOUN
other,22,ADJ
such,18,ADJ
midpoint,11,NOUN
interpretation,1,NOUN
gradient,7,NOUN
fraction,4,NOUN
numerator,2,NOUN
whole,13,ADJ
denominator,2,NOUN
odd,8,ADJ
show,58,"VERB, NOUN"
simplify,3,VERB
statement,16,NOUN
difference,13,NOUN
consecutive,2,ADJ
square,26,"ADJ, NOUN, PROPN"
always,6,ADV
point,3,NOUN
P,13,PROPN
parallel,13,ADJ
AB,8,PROPN
pass,6,VERB
P.,3,PROPN
different,28,ADJ
Write,11,"PROPN, VERB"
translate,3,VERB
unit,10,NOUN
right,19,"ADJ, ADV, NOUN"
answer,62,"VERB, NOUN"
line,16,NOUN
line,2,NOUN
go,9,VERB
do,1,VERB
express,3,VERB
work,43,"VERB, NOUN"
even,6,"ADJ, ADV"
expression,1,NOUN
triangular,7,"ADJ, NOUN"
sum,5,NOUN
use,19,VERB
Ali,10,PROPN
think,6,VERB
prime,7,ADJ
give,36,VERB
reason,25,NOUN
symmetry,7,NOUN
curve,9,"VERB, NOUN, PROPN"
otherwise,7,ADV
write,16,VERB
Factorise,4,PROPN
show,48,VERB
triangle,23,"VERB, NOUN"
measurement,4,NOUN
metre,21,NOUN
perimeter,11,NOUN
m.,12,NOUN
m2,7,"NOUN, PROPN"
a.,15,NOUN
plan,6,NOUN
floor,5,NOUN
tea,2,NOUN
coffee,2,NOUN
have,33,VERB
cost,19,"NOUN, VERB"
tea,4,NOUN
coffee,4,NOUN
angled,14,ADJ
angle,9,NOUN
degree,7,"NOUN, VERB"
size,18,NOUN
small,11,ADJ
angle,19,"VERB, NOUN, PROPN"
rectangle,19,NOUN
congruent,9,ADJ
triangle,10,NOUN
length,31,"ADJ, NOUN"
use,38,"VERB, NOUN"
solve,10,VERB
decimal,24,"ADJ, NOUN"
place,22,NOUN
make,10,VERB
length,13,NOUN
side,13,NOUN
centimetre,15,NOUN
t1,1,NOUN
equal,22,"ADJ, VERB"
T2,1,PROPN
give,14,VERB
C,15,PROPN
simple,23,ADJ
8th,1,ADJ
C.,7,PROPN
follow,18,VERB
sequence,2,NOUN
rule,4,NOUN
add,6,VERB
previous,4,ADJ
consider,2,VERB
result,13,"NOUN, VERB"
suggest,3,VERB
happen,2,VERB
rabbit,2,NOUN
farm,4,NOUN
long,20,"ADJ, ADV"
time,23,NOUN
bee,2,NOUN
beehive,2,NOUN
start,11,"NOUN, VERB"
year,18,NOUN
following,6,"ADJ, NOUN"
be,8,VERB
many,31,ADJ
place,12,"NOUN, VERB"
segment,6,NOUN
5)Point,1,PROPN
solve,2,VERB
find,2,VERB
intersection,6,NOUN
y,14,"NOUN, PROPN"
=,40,"NOUN, PROPN"
−,2,"NOUN, PROPN, VERB"
ax,1,NOUN
b.,3,PROPN
i,16,"NOUN, PROPN"
hence,8,ADV
use,30,VERB
Fibonacci,1,PROPN
rhombus,3,NOUN
diagonal,7,"ADJ, NOUN"
composite,2,ADJ
intersect,8,"NOUN, VERB"
Show,24,PROPN
world,2,NOUN
population,8,NOUN
billion,1,NOUN
estimate,17,"VERB, NOUN"
average,13,"ADJ, NOUN"
rate,11,NOUN
growth,3,NOUN
suitable,10,ADJ
express,12,"NOUN, VERB"
single,9,ADJ
fraction,17,NOUN
construct,3,VERB
form,7,VERB
iterative,1,ADJ
process,1,NOUN
6andpasse,1,NOUN
power,3,NOUN
rearrange,1,VERB
transform,3,VERB
transformation,4,NOUN
describe,11,VERB
same,33,ADJ
axis,7,NOUN
draw,9,VERB
estimate,8,"NOUN, VERB"
join,5,VERB
enclose,2,VERB
note,1,NOUN
Point,5,PROPN
question,10,NOUN
require,1,VERB
exactly,17,ADV
question,2,NOUN
answer,13,NOUN
solution,1,NOUN
therefore,2,ADV
error,1,NOUN
correct,2,ADJ
circle,29,VERB
equivalent,10,ADJ
more,35,"ADV, ADJ"
root,6,NOUN
shade,2,VERB
region,7,NOUN
define,5,VERB
inequality,3,NOUN
Label,6,PROPN
great,10,ADJ
trapezium,11,NOUN
cm2,12,"ADJ, NOUN, PROPN"
cm,33,"NOUN, PROPN"
Simplify,2,PROPN
Steve,4,PROPN
ask,8,VERB
wrong,15,ADJ
mistake,3,NOUN
height,5,NOUN
child,10,NOUN
information,26,NOUN
order,1,VERB
stem,2,NOUN
leaf,2,NOUN
10th,1,ADJ
lie,10,"NOUN, VERB"
start,1,VERB
iteration,2,NOUN
twice,9,ADV
-axi,6,NOUN
State,5,PROPN
maximum,12,ADJ
express,3,VERB
graph,9,NOUN
letter,9,NOUN
dotted,3,ADJ
Equation,1,PROPN
Graph,2,PROPN
-axis,2,NOUN
c,7,"NOUN, PROPN"
constant,15,"ADJ, NOUN"
3rd,1,ADJ
perpendicular,11,"ADJ, NOUN"
get,17,VERB
arrange,1,VERB
inverse,1,"ADJ, NOUN"
work,39,VERB
clearly,30,ADV
Colin,5,PROPN
lie,9,VERB
correct?show,6,"ADJ, NOUN"
tick,4,"NOUN, VERB"
true,6,ADJ
false,2,ADJ
factor,9,"NOUN, PROPN"
true,3,ADJ
false,2,ADJ
Express,7,PROPN
constant,7,NOUN
centre,23,"VERB, NOUN, PROPN"
.Show,10,PROPN
stage,8,NOUN
list,2,VERB
function,3,NOUN
calculate,35,VERB
distance,17,NOUN
travel,9,VERB
tram,2,NOUN
library,2,NOUN
town,6,NOUN
hall,4,NOUN
m,21,"VERB, NOUN, PROPN"
Ben,9,PROPN
right?you,4,"ADJ, NOUN"
explain,8,VERB
D,8,PROPN
D.,4,PROPN
Sequence,1,PROPN
1st,4,ADJ
d,11,"ADJ, NOUN"
draw,17,VERB
.find,3,"ADV, NOUN"
ABCD,6,PROPN
andare,4,PROPN
represent,2,VERB
be,30,VERB
n,5,"NOUN, PROPN"
Kate,2,PROPN
homework,3,NOUN
centimetre,8,NOUN
Fay,2,PROPN
assume,6,VERB
scale,10,"ADJ, NOUN"
represent,14,VERB
unit,4,NOUN
assumption,14,NOUN
radius,14,NOUN
cmcentre,1,NOUN
vertex,7,NOUN
.You,8,PROPN
origin,5,NOUN
underestimate,3,"NOUN, VERB"
overestimate,3,"NOUN, VERB"
actual,5,ADJ
car,11,NOUN
seconds?give,1,NOUN
draw,12,VERB
speed,11,NOUN
second,14,"ADJ, NOUN"
s,4,"NOUN, PROPN, VERB"
t,12,"NOUN, PROPN"
second,11,NOUN
acceleration,2,NOUN
s2,2,"NOUN, PROPN"
exact,14,ADJ
coordinate,5,"NOUN, VERB"
turning,2,NOUN
estimate,6,VERB
instantaneous,2,ADJ
pass,5,VERB
through,1,ADV
correctly,3,ADV
factorise,1,VERB
get,27,VERB
correct?Tick,5,PROPN
box,30,"NOUN, PROPN"
no,6,NOUN
chess,4,NOUN
club,5,NOUN
boy,13,NOUN
girl,13,NOUN
join,1,VERB
half,7,"ADJ, ADV, NOUN"
as,19,ADV
factorisation,1,NOUN
19x,1,PROPN
x,13,"NOUN, PROPN"
time,23,NOUN
width,13,"NOUN, VERB"
multiple,8,NOUN
algebra,5,NOUN
machine,3,NOUN
A,33,PROPN
B.,20,PROPN
input,1,NOUN
range,8,NOUN
output,1,NOUN
less,24,"ADJ, ADV"
sweet,10,NOUN
Betty,1,PROPN
give,22,VERB
now,12,ADV
part,3,NOUN
calculator,8,NOUN
display,3,NOUN
Shirley,1,PROPN
5x,1,PROPN
produce,1,VERB
error,5,NOUN
correct,1,VERB
4x,2,"NOUN, PROPN"
mx,1,PROPN
c.,1,"NOUN, PROPN"
prove,6,VERB
then,20,ADV
electricity,3,NOUN
Company,1,PROPN
customer,5,NOUN
use,14,VERB
450kwh,1,NOUN
£,19,"NOUN, PROPN"
animal,1,NOUN
coach,2,NOUN
travel,6,VERB
Dronston,1,PROPN
Luscoe,1,PROPN
travel,7,"NOUN, VERB"
journey,5,NOUN
kilometre,8,NOUN
hour,12,NOUN
minute,16,"VERB, NOUN"
add,1,VERB
follow,1,VERB
rule?circle,1,NOUN
happen,4,VERB
Ellie,3,PROPN
-3,3,NOUN
sequence?you,1,NOUN
body,1,NOUN
mass,11,"NOUN, PROPN"
index,2,NOUN
person,14,NOUN
kg,17,"NOUN, PROPN"
height,24,"VERB, NOUN, PROPN"
Usman,1,PROPN
Work,22,PROPN
median,4,"ADJ, NOUN, PROPN"
interquartile,3,ADJ
state,7,"NOUN, VERB"
answer,2,VERB
represent,5,VERB
Jo,2,PROPN
want,23,VERB
work,8,VERB
factorise,2,"PROPN, VERB"
rectangle.is,1,PROPN
perimeter,1,NOUN
shape,6,NOUN
diameter,13,NOUN
interpret,1,VERB
translation,3,NOUN
need,8,VERB
intersect,7,"NOUN, VERB"
Sofia,2,PROPN
try,4,VERB
method,15,NOUN
divide,2,VERB
thenadd,1,NOUN
evaluate,3,VERB
.Give,19,PROPN
co,2,NOUN
ordinate,2,NOUN
identity,6,NOUN
particle,2,NOUN
motion,2,NOUN
sketch,4,VERB
intercept,3,NOUN
move,2,"NOUN, VERB"
rest,14,"NOUN, VERB"
move,2,VERB
approximate,5,ADJ
find,4,VERB
f-1,1,PROPN
train,4,"NOUN, VERB"
leave,12,VERB
station,3,NOUN
Tuesday,4,PROPN
plot,2,"NOUN, VERB"
delay,1,NOUN
compare,5,VERB
distribution,3,NOUN
Monday,9,PROPN
root,2,NOUN
Beth,2,PROPN
run,3,VERB
metre,10,NOUN
race,9,NOUN
complete,4,VERB
Amy,3,PROPN
finish,4,VERB
Amy?You,1,PROPN
-1,2,"ADJ, NOUN, PROPN"
bead,3,NOUN
Billy,1,PROPN
carly,1,ADV
rearrange,1,VERB
simply,3,ADV
product,3,NOUN
add,8,VERB
large,7,ADJ
result,9,NOUN
Calculate,5,PROPN
minimum,7,ADJ
machine,6,NOUN
use,25,VERB
new,7,ADJ
Becky,2,PROPN
marble,2,NOUN
Chris,4,PROPN
Dan,5,PROPN
"says,""If",1,PROPN
student,15,NOUN
puzzle,5,NOUN
record,6,VERB
histogram,1,NOUN
complete,2,VERB
negative,5,ADJ
day,21,NOUN
bacteria,1,NOUN
flask,1,"NOUN, PROPN"
B.The,2,PROPN
B,29,PROPN
grow,4,VERB
exponentially,1,ADV
compare,3,VERB
a,21,NOUN
plant,9,"NOUN, VERB"
animal,2,NOUN
conversion,3,NOUN
change,9,"NOUN, VERB"
pound,4,NOUN
dollar,5,NOUN
temperature,1,NOUN
°,19,"ADJ, NOUN, PROPN"
F,5,PROPN
temperature,5,NOUN
c,15,NOUN
elderly,1,ADJ
home,7,"ADV, NOUN"
Mrs,3,PROPN
Smith,1,PROPN
f,1,NOUN
decide,2,VERB
low,6,ADJ
take,11,VERB
cyclist,1,NOUN
cycle,5,"NOUN, VERB"
take,12,VERB
only,24,"ADJ, ADV"
frequency,6,"ADJ, NOUN"
polygon,3,NOUN
continue,3,VERB
9th,1,ADJ
cross,5,VERB
y‐axis,1,NOUN
Jane,5,PROPN
ice,3,NOUN
rink,1,NOUN
walk,4,VERB
steady,1,ADJ
hour,16,NOUN
walk,5,"NOUN, VERB"
side,14,NOUN
cuboid,9,"ADJ, NOUN"
vertex,5,NOUN
divide,5,VERB
Kelly,1,PROPN
w,1,NOUN
-1are,1,VERB
f,3,PROPN
Brogan,1,PROPN
need,14,VERB
thing,2,NOUN
substitute,1,VERB
comment,3,NOUN
accuracy,3,NOUN
Kai,1,PROPN
choose,3,VERB
p,7,"NOUN, PROPN"
q,5,"NOUN, PROPN"
input,1,"NOUN, VERB"
output,1,NOUN
q.,2,NOUN
figure,2,NOUN
cinema,3,NOUN
sell,12,VERB
adult,7,NOUN
ticket,6,NOUN
child,8,NOUN
ticket,7,NOUN
.Find,9,"PROPN, VERB"
surface,9,NOUN
solid,7,ADJ
hemisphere,3,NOUN
curved,4,ADJ
cylinder,6,NOUN
speed?give,1,ADJ
f(x,2,PROPN
distance?give,1,ADJ
slug,2,NOUN
garden,13,NOUN
day,15,NOUN
cm2.Show,2,VERB
large,10,ADJ
satisfy,4,VERB
radius,2,NOUN
circle?You,1,PROPN
Figure,2,PROPN
-coordinate,3,"NOUN, VERB"
Q.,4,PROPN
type,8,NOUN
continue,2,VERB
Mo,1,PROPN
iswork,1,NOUN
.Write,1,VERB
Tick,10,PROPN
chord,3,NOUN
scatter,1,"NOUN, VERB"
good,6,ADJ
fit,6,"ADJ, NOUN, VERB"
-intercept,2,PROPN
expand,1,VERB
simplify,2,VERB
Triangle,5,PROPN
isoscele,9,NOUN
.the,5,NOUN
Jalina,1,PROPN
cycling,1,NOUN
complete,15,"ADJ, VERB"
park,6,NOUN
back,7,ADV
include,1,VERB
cycle,2,VERB
calculation,6,NOUN
km,12,"NOUN, PROPN"
h,9,"NOUN, PROPN"
position,8,NOUN
cross,11,"NOUN, PROPN"
Term,1,PROPN
satisfy,5,VERB
Expand,1,PROPN
p,6,NOUN
q,4,NOUN
expand,1,VERB
bracket,1,NOUN
respectively,2,ADV
f(0,1,PROPN
k,6,"NOUN, PROPN"
train,17,NOUN
ship,3,NOUN
sail,3,VERB
port,2,NOUN
obtuse,3,ADJ
true?Tick,2,PROPN
ball,5,NOUN
air,2,NOUN
throw,6,VERB
vertically,5,ADV
upwards,1,ADV
ground,3,NOUN
fact,9,NOUN
too,3,ADV
big,1,ADJ
stay,2,VERB
small,11,ADJ
graphical,2,ADJ
piece,4,NOUN
one,5,"NOUN, PROPN"
describe,4,VERB
error,7,NOUN
progression?circle,1,NOUN
Harry,4,PROPN
method?Tick,1,PROPN
work,9,"NOUN, VERB"
liquid,2,NOUN
leak,1,VERB
container,3,NOUN
depth,6,NOUN
liquid,4,"ADJ, NOUN"
decrease,6,"NOUN, VERB"
indicate,1,VERB
respect,2,NOUN
tell,6,VERB
multiply,1,VERB
reflect,2,VERB
last,10,"ADJ, VERB"
l,2,NOUN
scale,2,NOUN
L.,2,PROPN
Rita,2,PROPN
try,6,VERB
incorrect,5,ADJ
3p,1,PROPN
p.,3,NOUN
x1,2,PROPN
calculate,11,VERB
x2,8,"NOUN, PROPN"
x3,3,PROPN
round,2,VERB
2)circle,1,NOUN
square,6,NOUN
divide,5,VERB
remainder,1,NOUN
8x,2,PROPN
Georgina,1,PROPN
increase,6,"NOUN, VERB"
Q,4,PROPN
PQ,3,PROPN
(-8,1,PROPN
example,8,NOUN
divisible,1,ADJ
mean,9,"ADJ, NOUN"
diagonal,4,NOUN
input,1,NOUN
output,1,NOUN
fill,7,VERB
box,11,NOUN
velocity,2,NOUN
parachutist,1,NOUN
leave,2,VERB
plane,11,NOUN
b,6,"NOUN, PROPN"
Solve,1,PROPN
Mark,7,PROPN
end,8,NOUN
month,10,NOUN
March,3,PROPN
June,4,PROPN
one?circle,1,NOUN
volume,13,NOUN
axis,6,NOUN
rocket,2,NOUN
way,9,NOUN
stop,2,VERB
friend,4,NOUN
house,10,NOUN
fast,4,"ADJ, ADV"
before,1,ADV
’,2,VERB
house?give,1,NOUN
nth,1,ADJ
x.,7,"NOUN, PROPN"
thing,2,NOUN
sunflower,2,NOUN
affect,10,VERB
equationwherethe,1,NOUN
write,5,VERB
series,3,NOUN
transformation,2,NOUN
map,3,"NOUN, VERB"
theth,1,ADJ
price,6,NOUN
phone,4,NOUN
y.,5,"NOUN, PROPN"
increase,7,VERB
become,3,VERB
reduce,4,VERB
low,12,ADJ
distinct,2,ADJ
circumference,7,NOUN
Bethany,1,PROPN
great,19,ADJ
justify,3,VERB
decision,8,NOUN
occur,1,VERB
mark,8,"NOUN, VERB"
3y,2,PROPN
−3x,1,PROPN
ordinate,1,VERB
Martha,2,PROPN
correct?explain,2,VERB
deceleration,1,NOUN
approach,1,VERB
fourth,2,ADJ
shaded,11,ADJ
unshaded,4,ADJ
define,1,VERB
generate,1,VERB
Li,2,PROPN
toy,6,NOUN
brick,5,NOUN
red,8,"ADJ, NOUN"
blue,8,"ADJ, NOUN"
pick,5,VERB
brick,4,NOUN
probability,12,NOUN
py,1,PROPN
Line,2,PROPN
Ceri,2,PROPN
also,21,ADV
claim,4,VERB
Academy,2,PROPN
school,14,NOUN
claim,3,NOUN
make,7,VERB
y2,3,PROPN
Mandy,1,PROPN
decide,11,VERB
matrix,2,NOUN
map,4,"NOUN, VERB"
Naga,1,PROPN
state,1,VERB
hypothesis,1,NOUN
Most,2,ADJ
people,19,NOUN
read,1,VERB
book,4,NOUN
ask,7,VERB
sample,7,"NOUN, VERB"
book,2,NOUN
Lynn,1,PROPN
Paul,4,PROPN
Chen,1,PROPN
Ruth,1,PROPN
Number,10,PROPN
datum,4,NOUN
support,14,"NOUN, VERB"
b,20,NOUN
26).find,1,NOUN
know,1,VERB
linear,2,ADJ
5th,3,ADJ
standard,8,ADJ
directly,2,ADV
proportional,2,ADJ
g,9,"NOUN, PROPN"
10,1,PROPN
-coordinate,1,NOUN
fg(-4,1,PROPN
stay,1,VERB
cycle,5,VERB
stop,1,VERB
move,1,VERB
downwards,1,ADV
Jenny,4,PROPN
play,6,VERB
game,8,NOUN
golf,1,NOUN
modal,2,ADJ
score,4,"NOUN, VERB"
score,4,"NOUN, VERB"
Ping,1,PROPN
mode,1,NOUN
tin,5,NOUN
contain,5,VERB
button,2,NOUN
Tin,1,PROPN
contain,12,VERB
tin,11,NOUN
few,3,ADJ
card,8,NOUN
card,10,NOUN
arrange,2,VERB
order,15,"NOUN, VERB"
remain,3,VERB
.Work,7,PROPN
out,5,ADV
label,4,"NOUN, VERB"
iii,6,"NOUN, PROPN"
curve,1,NOUN
reflection,3,NOUN
construct,3,VERB
Hannah,3,PROPN
plan,2,VERB
trip,2,NOUN
want,6,VERB
go,8,"NOUN, VERB"
student,10,NOUN
Place,1,PROPN
Theme,1,PROPN
Park,1,PROPN
Theatre,1,PROPN
Sports,1,PROPN
Centre,1,PROPN
Seaside,1,PROPN
think,3,VERB
xy,1,PROPN
Shade,2,PROPN
Sue,3,PROPN
parcel,4,NOUN
weigh,5,VERB
start,4,VERB
word,2,NOUN
describe,3,VERB
periodic,1,ADJ
exponential,1,ADJ
cubic,3,ADJ
near,15,ADJ
pound,1,NOUN
Jon,3,PROPN
amount,16,NOUN
money,18,NOUN
Elsa,2,PROPN
digit,5,NOUN
get,12,VERB
be,16,VERB
pair,7,NOUN
pave,1,VERB
slab,1,NOUN
paving,1,NOUN
noon,1,NOUN
Temperature,1,PROPN
Frequency,5,PROPN
class,8,"NOUN, PROPN"
interval,4,NOUN
recur,2,VERB
factor,2,NOUN
Zak,3,PROPN
Fred,3,PROPN
grain,2,NOUN
salt,1,NOUN
weigh,2,VERB
packet,5,NOUN
grain,1,NOUN
ordinary,3,ADJ
measure,3,VERB
high,6,ADJ
common,4,ADJ
mixed,3,ADJ
Tom,9,PROPN
research,1,VERB
weight,5,NOUN
plant,7,"NOUN, VERB"
seed,5,NOUN
poppy,1,ADJ
seed,5,NOUN
gram,6,NOUN
pumpkin,1,NOUN
sesame,1,NOUN
kilogram,4,NOUN
type,8,NOUN
accord,1,VERB
weight,8,NOUN
light,1,ADJ
Carol,4,PROPN
predict,2,VERB
Edna,1,PROPN
spend,3,VERB
income,2,NOUN
rent,4,NOUN
living,3,NOUN
expense,1,NOUN
Nav,1,PROPN
approximation,2,NOUN
check,4,"NOUN, VERB"
sensible,4,ADJ
year,13,NOUN
digit,2,NOUN
repeat,1,VERB
big,4,ADJ
small,9,ADJ
LCM,1,PROPN
⩽,2,ADJ
newborn,1,ADJ
baby,1,NOUN
human,1,ADJ
cell,1,NOUN
cell,1,NOUN
Jean,2,PROPN
invest,2,"NOUN, VERB"
account,3,NOUN
pay,1,VERB
compound,1,NOUN
interest,2,NOUN
investment,1,NOUN
company,18,NOUN
make,15,VERB
put,18,VERB
packet,5,NOUN
fact,2,NOUN
produce,1,VERB
rationalise,1,"NOUN, VERB"
denominator,1,NOUN
Marie,2,PROPN
pay,10,VERB
tax,2,NOUN
percentage,16,NOUN
Shari,1,PROPN
buy,16,VERB
candle,1,NOUN
125.She,1,NOUN
profit,7,NOUN
Jules,1,PROPN
washing,1,NOUN
vat,3,NOUN
price,6,NOUN
pay,11,"NOUN, VERB"
convert,2,VERB
Carlos,1,PROPN
Flavia,1,PROPN
Tazia,1,PROPN
share,3,VERB
much,17,"ADJ, ADV"
Claire,2,PROPN
loaf,1,NOUN
bread,4,NOUN
lose,2,VERB
bake,1,VERB
baked,1,ADJ
displayyou,1,VERB
activity,3,NOUN
holiday,7,NOUN
.on,2,ADJ
Sunday,4,PROPN
sailing,3,NOUN
climb,2,VERB
twice,2,ADV
Nishat,1,PROPN
Neptune,2,PROPN
far,1,ADV
away,2,ADV
Earth,4,PROPN
Venus,2,PROPN
reciprocal,5,"ADJ, NOUN"
painting,1,NOUN
sell,17,VERB
art,2,NOUN
gallery,2,NOUN
painting,1,NOUN
commission,1,NOUN
tax,1,NOUN
Layla,1,PROPN
calculate,3,VERB
multiply,1,VERB
convert,2,VERB
Karen,3,PROPN
math,2,NOUN
test,7,NOUN
english,4,ADJ
know,5,VERB
high,5,ADJ
English,5,PROPN
approximation,1,NOUN
expect,4,VERB
old,7,ADJ
figure,4,NOUN
Account,1,PROPN
power,1,NOUN
o,2,NOUN
full,11,ADJ
HCF,2,PROPN
Sally,6,PROPN
litre,10,NOUN
oil,4,NOUN
Mr,8,PROPN
Aston,1,PROPN
tank,8,NOUN
take,14,VERB
upper,2,"ADJ, NOUN"
bind,3,VERB
study,3,"NOUN, PROPN, VERB"
language,3,NOUN
Spanish,6,PROPN
estimation,1,NOUN
Ed,4,PROPN
shop,11,NOUN
Good,1,PROPN
Luck,1,PROPN
2017.work,1,NOUN
January,3,PROPN
×,9,"ADJ, ADV, NOUN, VERB"
cumulative,1,ADJ
film,1,NOUN
Clare,2,PROPN
More,2,ADJ
correct?give,2,ADJ
form,2,"NOUN, VERB"
numerator,1,NOUN
Unit,1,PROPN
James,6,PROPN
take,4,VERB
examination,4,NOUN
paper,2,NOUN
Paper,2,PROPN
paper,2,NOUN
mark,6,NOUN
together,8,ADV
achieve,4,VERB
menu,3,NOUN
starter,1,NOUN
main,3,"ADJ, NOUN"
dish,3,NOUN
dessert,1,NOUN
course,2,NOUN
meal,1,NOUN
consist,3,VERB
starter,1,NOUN
dish,3,NOUN
dessert,1,NOUN
meal,1,NOUN
particular,1,ADJ
chocolate,7,"NOUN, PROPN"
bar,3,NOUN
have,10,VERB
g.,6,"NOUN, PROPN"
rationalise,1,VERB
woman,7,NOUN
bar,3,NOUN
miss,1,VERB
list,5,NOUN
Bill,6,PROPN
decrease,5,"NOUN, VERB"
Badia,1,PROPN
invest,1,VERB
Cyclone,1,PROPN
Bank,1,PROPN
Tornado,1,PROPN
Invest,1,PROPN
yearfor,1,PROPN
dollarsreceive,1,NOUN
receive,2,VERB
more?show,1,NOUN
dollar,1,NOUN
Derek,1,PROPN
Mirek,1,PROPN
earn,2,VERB
least,17,"ADJ, ADV"
dial,1,NOUN
combination,2,NOUN
lock,1,NOUN
dial,1,NOUN
equal,2,VERB
r,2,"NOUN, PROPN"
rounded,1,ADJ
convert,2,VERB
close,4,ADJ
52×,1,NOUN
festival,2,NOUN
Height,4,PROPN
computer,2,NOUN
ever,1,ADV
reach,3,VERB
November,2,PROPN
tree,6,NOUN
plant,1,VERB
wood,5,NOUN
still,5,ADV
alive,1,ADJ
assume,2,VERB
N,4,PROPN
decrease,2,VERB
compare,3,VERB
product,1,NOUN
shopkeeper,1,NOUN
compare,1,VERB
sale,4,NOUN
laptop,4,NOUN
April,1,PROPN
Price,1,PROPN
do,7,VERB
placesstart,1,VERB
Pacific,1,PROPN
Ocean,1,PROPN
Arctic,2,PROPN
choose,8,VERB
random,13,ADJ
diner,1,NOUN
choose,5,VERB
option,1,NOUN
vegetarian,1,ADJ
indicate,1,VERB
v,3,NOUN
Starter,1,PROPN
Main,1,PROPN
Cheese,1,PROPN
salad,1,NOUN
steak,1,NOUN
chip,1,NOUN
Prawn,1,PROPN
cocktail,1,NOUN
fish,1,NOUN
Mozzarella,1,PROPN
stick,1,NOUN
Tomato,1,PROPN
pizza,2,NOUN
Pork,1,PROPN
chop,1,VERB
Nut,2,PROPN
cutlet,1,NOUN
combination,1,NOUN
at,10,ADV
vegetarian,2,ADJ
option,1,NOUN
Gary,2,PROPN
bill,3,NOUN
Andrew,1,PROPN
think,4,VERB
cube,10,"NOUN, VERB"
number?you,1,NOUN
belt,1,NOUN
waist,1,NOUN
size,5,NOUN
customer,6,NOUN
buy,6,VERB
May,3,PROPN
Belt,1,PROPN
waist,1,NOUN
inch,2,NOUN
Small,2,PROPN
Medium,1,PROPN
large,2,ADJ
extra,1,ADJ
Victor,1,PROPN
bottle,8,NOUN
apple,4,NOUN
juice,5,"NOUN, PROPN"
bottle,7,NOUN
Amrit,1,PROPN
Bethan,1,PROPN
combine,2,VERB
age,2,VERB
hospital,3,NOUN
target,2,NOUN
reduce,1,VERB
patient,1,NOUN
wait,4,VERB
treat,1,VERB
accident,1,NOUN
Emergency,1,PROPN
department,1,NOUN
unlikely,2,ADJ
Manchester,2,PROPN
airport,5,"NOUN, PROPN"
bearing,4,NOUN
London,7,PROPN
Highest,1,PROPN
Common,1,PROPN
Factor,1,PROPN
music,3,NOUN
attend,2,VERB
Year,7,PROPN
organiser,1,NOUN
plot,3,VERB
.give,6,ADJ
regular,10,ADJ
pentagon,7,"NOUN, PROPN"
Jake,1,PROPN
track,2,NOUN
evidence,2,NOUN
Jackson,1,PROPN
density,4,NOUN
cm3,8,"ADJ, NOUN, VERB"
block,4,NOUN
shape,18,"VERB, NOUN"
measure,3,"NOUN, VERB"
mm,6,"NOUN, PROPN"
consider,1,VERB
bound,1,NOUN
degree,4,NOUN
final,4,ADJ
year12,1,ADJ
Jan,2,PROPN
savings,1,NOUN
Team,2,PROPN
time.24,2,NOUN
road,5,NOUN
Kirsty,4,PROPN
drive,4,VERB
limit,3,NOUN
h.,5,"NOUN, PROPN"
serve,2,VERB
restaurant,5,NOUN
third,3,NOUN
bounce,1,VERB
higher,1,ADV
lower,3,ADV
20?circle,1,NOUN
John,6,PROPN
cone,8,NOUN
answer?give,1,ADJ
reason,7,NOUN
multiplication,2,NOUN
follow,5,VERB
rotation,1,NOUN
anticlockwise,3,"ADJ, ADV, NOUN"
Jack,6,PROPN
boat,2,NOUN
Smallest,2,PROPN
large,3,ADJ
Juan,1,PROPN
increase,5,"NOUN, VERB"
mile,11,NOUN
tile,1,VERB
cmeach,1,NOUN
tile,4,"NOUN, VERB"
cmtom,1,NOUN
6total,1,ADJ
need,5,VERB
operate,1,VERB
÷,1,NOUN
Matt,1,PROPN
lap,1,NOUN
cycle,2,"NOUN, VERB"
take,15,VERB
lap,2,NOUN
ski,1,NOUN
jumper,1,NOUN
ski,1,NOUN
tram,1,NOUN
leave,3,VERB
Piccadilly,1,PROPN
Eccles,1,PROPN
minutesto,1,NOUN
Didsbury,1,PROPN
am,5,NOUN
Ria,2,PROPN
go,21,VERB
buy,11,VERB
caravan,1,NOUN
deposit,3,NOUN
monthly,4,ADJ
payment,3,NOUN
payment,2,NOUN
cheeseburger,1,NOUN
party,3,NOUN
cheese,3,NOUN
slice,1,NOUN
burger,1,NOUN
slice,1,NOUN
burger,1,NOUN
roll,4,"NOUN, VERB"
roll,5,"NOUN, VERB"
Mary,7,PROPN
long,4,ADJ
delay,1,NOUN
mean,3,VERB
hedge,2,NOUN
cost,11,"NOUN, VERB"
spend,5,VERB
enough,9,"ADJ, ADV"
Sean,3,PROPN
loan,3,NOUN
help,4,VERB
15%.He,1,PROPN
installment,1,NOUN
Jarek,1,PROPN
000he,1,NOUN
dance,2,NOUN
competition,4,NOUN
judge,1,NOUN
award,1,NOUN
30.The,1,PROPN
award,2,VERB
dancer,1,NOUN
Judge,1,PROPN
plot,2,"NOUN, VERB"
Katie,6,PROPN
weekly,3,ADJ
Ashton,1,PROPN
Barnfield,1,PROPN
find,2,VERB
saving,4,NOUN
account,1,NOUN
agent,1,NOUN
record,5,"NOUN, VERB"
duration,1,NOUN
flight,2,NOUN
duration,1,NOUN
Cost,2,PROPN
m/,1,PROPN
Jupiter,4,PROPN
Saturn,2,PROPN
stage,2,NOUN
age,8,NOUN
Renee,1,PROPN
sell,7,VERB
put,5,VERB
bag,9,NOUN
bag,14,NOUN
speed,5,NOUN
car,6,NOUN
Katy,1,PROPN
man,8,NOUN
sing,3,VERB
song,1,NOUN
pair,4,NOUN
mark?give,1,ADJ
annual,3,ADJ
third,9,"ADJ, NOUN"
beginning,2,NOUN
group,6,"NOUN, PROPN"
year,3,NOUN
Anil,1,PROPN
bank,2,NOUN
most,4,"ADJ, ADV"
Tracey,1,PROPN
cafe,1,NOUN
course,1,NOUN
way,3,NOUN
choose,1,VERB
Scores,1,PROPN
Median,2,PROPN
Interquartile,1,PROPN
Range,2,PROPN
Men,1,PROPN
Women,1,PROPN
man,1,NOUN
consistent,2,ADJ
woman,1,NOUN
man,1,NOUN
Noah,1,PROPN
best?you,1,NOUN
student,3,NOUN
spelling,1,NOUN
Lucy,3,PROPN
Jeff,3,PROPN
shrub,1,NOUN
rose,1,ADJ
tree,8,NOUN
shrub,1,NOUN
rise,1,VERB
lamp,1,NOUN
Lamp,1,"NOUN, PROPN"
flash,1,"NOUN, VERB"
flash,1,VERB
flash,1,"NOUN, VERB"
science,1,NOUN
exam.30,1,NOUN
do,5,VERB
exam,4,NOUN
annum,1,NOUN
Brown,3,PROPN
Family,2,PROPN
Railcard,2,PROPN
David,2,PROPN
pick,1,VERB
name,1,NOUN
behow,1,VERB
list,1,NOUN
begin,2,VERB
Charlie,1,PROPN
Jasmine,2,PROPN
share,4,"NOUN, VERB"
carton,2,NOUN
drink,3,"NOUN, VERB"
carton,4,NOUN
just,4,ADV
cartons?give,1,ADJ
Carla,1,PROPN
run,5,"NOUN, VERB"
swim,2,"NOUN, VERB"
Thursday,3,PROPN
date,2,NOUN
Himari,1,PROPN
yen,2,NOUN
Alex,2,PROPN
cake,6,NOUN
lemon,4,NOUN
fruit,5,NOUN
ofchocolate,2,ADJ
oflemon,2,NOUN
offruit,2,PROPN
cake,5,NOUN
Type,3,PROPN
profit,2,NOUN
show,4,VERB
10–3,1,PROPN
10–4,1,PROPN
country,2,NOUN
museum,2,NOUN
visit,4,"NOUN, VERB"
price,2,NOUN
Garden,2,PROPN
Free,2,PROPN
House,3,PROPN
Museum,2,PROPN
only.40,2,ADJ
park?you,2,NOUN
Venn,3,PROPN
Hamish,3,PROPN
depreciate,1,VERB
notation,1,NOUN
Martin,4,PROPN
Rationalise,1,PROPN
answer,4,VERB
concert,3,NOUN
Age,4,PROPN
Lily,3,PROPN
age,9,NOUN
month,4,NOUN
Hugo,1,PROPN
beeven,1,PROPN
pipe,1,NOUN
Olly,3,PROPN
pipe,1,NOUN
Mia,4,PROPN
borrow,1,VERB
repay,1,VERB
see,3,VERB
offer,1,NOUN
loan,1,NOUN
Complete,7,PROPN
labourer,1,NOUN
plumber,1,NOUN
worker,3,NOUN
Sam,7,PROPN
multiply,1,VERB
so,3,ADV
Sian,1,PROPN
Asha,2,PROPN
reasonable,1,ADJ
SimplifyCircle,1,PROPN
Zahra,1,PROPN
mix,2,VERB
metal,6,NOUN
alloy,1,NOUN
Metal,1,PROPN
cm3.Metal,1,PROPN
available,2,ADJ
boy,2,NOUN
girl,4,NOUN
train,1,NOUN
return,1,"NOUN, VERB"
saver,1,NOUN
cheap,3,ADJ
buy,5,VERB
cheaply,2,ADV
plant,2,NOUN
Hedge,2,PROPN
Gladys,1,PROPN
sale,3,NOUN
Amelia,1,PROPN
all,2,ADV
mathematically,4,ADV
always,1,ADV
sometimes,1,ADV
never,1,ADV
masse,2,NOUN
construct,1,VERB
group,4,VERB
record,3,"NOUN, VERB"
Mass,2,PROPN
Tally,1,PROPN
unsuitable,1,ADJ
symbol,1,NOUN
truncate,1,VERB
Patrick,1,PROPN
thousand,3,NOUN
visitor,3,NOUN
fun,3,"ADJ, NOUN"
misleading,1,ADJ
petrol,5,NOUN
consumption,1,NOUN
Nathan,1,PROPN
wrong?you,1,NOUN
Lee,2,PROPN
wish,2,VERB
relationship,4,NOUN
decide,8,VERB
conduct,2,VERB
experiment,3,NOUN
criticism,3,NOUN
overestimate?give,1,NOUN
Investment,1,PROPN
save,1,VERB
save,1,VERB
compound,1,NOUN
worth,1,ADJ
sketch,1,VERB
old,5,ADJ
Peter,2,PROPN
virus,1,NOUN
cause,1,VERB
antivirus,1,NOUN
program,1,NOUN
run,6,"NOUN, VERB"
remove,1,VERB
H,1,PROPN
h,2,NOUN
shirt,1,NOUN
hat,1,NOUN
scarf,1,NOUN
shirt,1,NOUN
hat,1,NOUN
scarf,1,NOUN
theorem,2,NOUN
passenger,3,NOUN
british,3,ADJ
necessary,2,ADJ
problem,3,NOUN
Sunil,1,PROPN
soup,2,NOUN
litre,8,NOUN
serve,1,VERB
ml,5,"NOUN, PROPN"
portion,1,NOUN
ml.24,1,PROPN
definitely,2,ADV
serve,1,VERB
tomato,3,NOUN
select,5,VERB
sweet,1,NOUN
Sandeep,1,PROPN
sit,2,VERB
test,3,NOUN
mark,8,VERB
consistent?give,1,ADJ
top,8,"ADJ, NOUN"
Marta,1,PROPN
case,1,NOUN
Ann,1,PROPN
Simon,4,PROPN
pay,8,VERB
spend,6,VERB
internet,1,NOUN
site,2,NOUN
Money,3,PROPN
spent(£A,1,PROPN
Louise,1,PROPN
spinner,3,"NOUN, VERB"
land,5,"NOUN, VERB"
green,8,"ADJ, PROPN"
spin,3,"NOUN, VERB"
Jess,1,PROPN
round,1,VERB
Zhi,1,PROPN
yuan,1,"NOUN, PROPN"
safety,1,NOUN
rule,2,NOUN
campsite,2,NOUN
require,1,VERB
Sarah,3,PROPN
barbecue,1,NOUN
tent,1,NOUN
measure,1,VERB
stride,1,NOUN
know,3,VERB
round,2,VERB
stride,1,NOUN
guarantee,1,VERB
safe,2,ADJ
Use,5,PROPN
Lin,1,PROPN
city,4,NOUN
reach,5,VERB
low,2,ADJ
trial,2,NOUN
improvement,3,NOUN
property,1,NOUN
country,1,NOUN
compete,1,VERB
Summer,1,PROPN
Olympic,1,PROPN
Games,1,PROPN
small,1,ADJ
low,2,ADJ
quartile,3,ADJ
Upper,3,PROPN
distribution,1,NOUN
low,1,ADJ
Multiple,1,PROPN
limit,1,VERB
office,4,NOUN
Time,7,PROPN
coefficient,1,NOUN
expansion,1,NOUN
Owen,1,PROPN
Wasim,1,PROPN
play,8,"NOUN, VERB"
football,5,NOUN
team,6,NOUN
goal,1,NOUN
match,4,"NOUN, VERB"
Slater,1,PROPN
right?give,1,NOUN
expect,2,VERB
last,5,ADJ
go,3,VERB
ξ,1,PROPN
cat,2,NOUN
dog,1,NOUN
pick,4,VERB
iPad,1,PROPN
counter,7,NOUN
yellow,6,"ADJ, PROPN"
play,7,VERB
game,7,NOUN
fair,3,ADJ
spinner,3,"NOUN, VERB"
andSpinner,1,PROPN
7spinner,1,NOUN
win,3,VERB
land,3,"NOUN, VERB"
coin,3,NOUN
head,2,"NOUN, VERB"
once,7,ADV
Antonio,2,PROPN
sided,6,ADJ
dice,3,NOUN
space,4,NOUN
outcome,3,NOUN
dice,2,NOUN
ball,1,NOUN
counter,6,NOUN
Hubert,1,PROPN
disc,3,NOUN
Marnie,1,PROPN
disc,3,NOUN
put,3,VERB
Nick,2,PROPN
pie,3,NOUN
chart,1,NOUN
live,1,VERB
town,3,NOUN
Adley,1,PROPN
Bridford,1,PROPN
area,2,NOUN
proportion,7,NOUN
live,1,VERB
orange,3,"ADJ, NOUN, PROPN"
Jiao,1,PROPN
Colour,1,PROPN
Probability,2,PROPN
skill,1,NOUN
pass,1,VERB
numeracy,1,NOUN
section,10,NOUN
literacy,1,NOUN
sport,3,NOUN
swim,1,VERB
squash,1,"NOUN, PROPN"
gym,1,NOUN
male.18,1,NOUN
gym.9,1,PROPN
male,5,NOUN
female,5,NOUN
Wendy,1,PROPN
Hoopla,1,PROPN
coconut,1,NOUN
shy,1,ADJ
replace,2,VERB
Felix,1,PROPN
Barney,2,PROPN
college,3,NOUN
late,4,"ADJ, ADV"
inversely,2,ADV
Chemistry,1,PROPN
Physics,1,PROPN
physics,1,NOUN
study,2,"NOUN, VERB"
Anna,4,PROPN
likely,5,ADJ
win,5,"NOUN, VERB"
lose,4,VERB
biased,3,ADJ
spin,2,VERB
brown,1,"ADJ, PROPN"
probability,3,NOUN
Jennie,1,PROPN
bead,1,NOUN
write,4,VERB
colour,6,NOUN
set,4,NOUN
traffic,1,NOUN
light,1,NOUN
Thelma,1,PROPN
come,1,VERB
tail,2,NOUN
Meghan,1,PROPN
jar,1,NOUN
contain,1,VERB
Hector,3,PROPN
look,1,VERB
Fiza,1,PROPN
coin,2,NOUN
pence,1,NOUN
flavour,1,NOUN
Sara,1,PROPN
Darjeeling,1,PROPN
Rize,1,PROPN
milk,2,NOUN
pint,2,NOUN
weekend,1,NOUN
milk,4,NOUN
Saturday,6,PROPN
roll,2,VERB
weather,1,NOUN
forecast,1,NOUN
rain,1,VERB
Ella,3,PROPN
draw,4,VERB
Reuben,1,PROPN
play,1,VERB
matching,1,NOUN
turn,4,VERB
shuffle,1,VERB
keep,1,VERB
relative,1,ADJ
Heads,1,PROPN
throw,3,"NOUN, VERB"
total,2,ADJ
relative,1,ADJ
head,1,NOUN
Walk,1,PROPN
Car,1,PROPN
other,2,ADJ
Total,3,PROPN
Boy,1,PROPN
Girl,1,PROPN
Aika,1,PROPN
BThere,1,PROPN
BComplete,1,PROPN
Karl,1,PROPN
raise,2,VERB
charity,2,NOUN
design,1,VERB
number,3,VERB
sandwich,2,NOUN
shelf,1,NOUN
egg,2,NOUN
ham,2,"NOUN, PROPN"
Erin,1,PROPN
grow,5,"NOUN, VERB"
Outcome,1,PROPN
J,3,PROPN
K,1,PROPN
L,4,PROPN
l.,2,NOUN
colour,3,NOUN
Jim,5,PROPN
bias,1,VERB
rectangle,7,NOUN
shaded.80,2,VERB
shade,7,VERB
Uditi,1,PROPN
Strawberry,1,PROPN
Caramel,1,PROPN
Dark,1,PROPN
white,3,ADJ
sweet,3,ADJ
dark,1,ADJ
caramel,1,NOUN
Letter,2,PROPN
e,5,NOUN
E.,3,PROPN
Shazia,1,PROPN
faulty,3,ADJ
correct?justify,2,VERB
friend,5,NOUN
throw,2,VERB
Helen,4,PROPN
Sharif,2,PROPN
heads?justify,2,VERB
Sanay,1,PROPN
tomorrow,1,NOUN
Jaden,1,PROPN
Alfie,3,PROPN
both,2,ADV
cube,3,NOUN
gardener,1,NOUN
melon,1,NOUN
potato,6,NOUN
carrot,6,NOUN
gardener,1,NOUN
Finlay,1,PROPN
tennis,4,NOUN
match,5,"NOUN, VERB"
on,2,ADV
like,1,VERB
drink,4,NOUN
sport,2,"NOUN, VERB"
like,1,VERB
well,2,ADV
swimming,5,NOUN
athletic,1,NOUN
Swimming,1,PROPN
Tennis,1,PROPN
Athletics,1,PROPN
Female,2,PROPN
Male,2,PROPN
eat,1,VERB
Shabeen,1,PROPN
white,7,"ADJ, PROPN"
Steffi,1,PROPN
beadsand,1,PROPN
discs.number,2,NOUN
meeting,1,NOUN
winner,3,NOUN
loser,2,NOUN
player,5,NOUN
Magnus,2,PROPN
Garry,2,PROPN
Ahmed,3,PROPN
Behnaz,2,PROPN
Carmen,2,PROPN
euro,7,NOUN
bowl,3,NOUN
orange,2,NOUN
apple,4,NOUN
team,2,NOUN
0.65John,1,PROPN
say,4,VERB
phone,3,NOUN
Bob,3,PROPN
dry,1,ADJ
concrete,2,"ADJ, NOUN"
beat,2,VERB
independent,2,ADJ
Jeevan,1,PROPN
fish,2,NOUN
prefer,1,VERB
Britain,1,PROPN
Spain,1,PROPN
Italy,1,PROPN
male.11,1,NOUN
female,6,"ADJ, NOUN"
Ding,1,PROPN
Shunya,1,PROPN
spin,2,"NOUN, VERB"
replace,2,VERB
Sophie,2,PROPN
fail,1,VERB
resit,1,VERB
attempt,1,NOUN
attempt,1,NOUN
pass,5,"NOUN, VERB"
Harriet,1,PROPN
Cody,1,PROPN
choice,1,NOUN
flavour,1,NOUN
Assam,1,PROPN
Nilgiri,1,PROPN
Flavour,1,PROPN
section,4,NOUN
face,5,NOUN
face,4,NOUN
item,1,NOUN
factory,5,NOUN
check,2,"NOUN, VERB"
item,2,NOUN
fail,2,VERB
scrapped.99,1,ADJ
scrap,1,VERB
Friday,2,PROPN
Greg,2,PROPN
jump,2,"NOUN, VERB"
qualify,2,VERB
jump,2,"NOUN, VERB"
again,2,ADV
0.8Assume,1,PROPN
First,2,PROPN
second,2,ADJ
third,1,ADJ
device,1,NOUN
often,1,ADV
Laptop,1,PROPN
Phone,1,PROPN
male,5,"ADJ, NOUN, PROPN"
empty,3,"ADJ, VERB"
Linda,2,PROPN
Stuart,2,PROPN
drop,2,VERB
pin,2,NOUN
Mathematics,2,PROPN
Rayyan,1,PROPN
prize,3,NOUN
bag?You,1,PROPN
pink,1,ADJ
Sweet,1,PROPN
Roberto,2,PROPN
glass,3,NOUN
Ciara,1,PROPN
first,1,ADJ
option,1,NOUN
Option,1,PROPN
economicsgeographyhistorymedia,1,NOUN
Studies,1,PROPN
ArtDramaEngineeringGermanGraphicsMusicPE,1,PROPN
subject,2,NOUN
Celina,2,PROPN
Zoe,4,PROPN
band,3,NOUN
evening,2,NOUN
sing,2,VERB
garage,1,NOUN
shed,1,NOUN
outdoor,1,ADJ
walk,2,VERB
sail,1,VERB
cancel,1,VERB
teacher,3,NOUN
eye,2,NOUN
schoolM,1,PROPN
Russian,1,PROPN
R,4,PROPN
French,2,PROPN
german,2,ADJ
g,4,NOUN
study?”of,1,VERB
russian,1,ADJ
German10,1,PROPN
French13,1,PROPN
German6,1,PROPN
German24,1,PROPN
German11,1,PROPN
none,1,NOUN
subjectsthe,1,NOUN
appropriate,4,ADJ
subset,1,NOUN
get,2,VERB
Lear,1,PROPN
class.16,1,NOUN
band,1,NOUN
singer,1,NOUN
guitar,1,"NOUN, PROPN"
players.30,1,PROPN
singer,1,NOUN
player,4,NOUN
bandsS,1,PROPN
singersG,1,PROPN
bag,2,NOUN
x,3,NOUN
Y,4,PROPN
Liz,5,PROPN
X.She,1,PROPN
Y.Mike,1,PROPN
Y.,1,PROPN
Mike,1,PROPN
Geoff,1,PROPN
multiply,2,VERB
Spinner,1,PROPN
bus,4,NOUN
large,16,ADJ
buses.25,1,PROPN
bus,1,NOUN
drive,3,"NOUN, VERB"
own,2,VERB
machine,1,NOUN
math,2,NOUN
fail,1,VERB
toy,2,NOUN
amount,3,NOUN
Anjali,1,PROPN
s,2,NOUN
Emilie,1,PROPN
race,2,NOUN
house,6,NOUN
garages,1,NOUN
Dice,1,PROPN
Megan,1,PROPN
six,1,NOUN
Mason,2,PROPN
do,5,VERB
stay,2,VERB
leave,3,"NOUN, VERB"
fly,2,VERB
fly,2,VERB
mph,7,"NOUN, PROPN"
arrive,4,VERB
pick,3,VERB
member,3,NOUN
Abby,2,PROPN
Chloe,3,PROPN
Denesh,2,PROPN
nut,3,NOUN
almond,1,NOUN
cashew,1,NOUN
peanut,1,NOUN
cashews,1,NOUN
S,4,PROPN
14}=,1,NOUN
14}Complete,1,VERB
U,1,PROPN
p(a,1,ADJ
Steph,1,PROPN
solve,2,VERB
Cube,1,NOUN
cm2cube,1,NOUN
AWhat,1,PROPN
b?to,1,NOUN
halve,1,VERB
event,1,NOUN
insurance,1,NOUN
insurance,1,NOUN
Insurance,1,PROPN
earn,1,VERB
basic,2,ADJ
earn,3,VERB
universal,1,ADJ
success,1,NOUN
trial,1,NOUN
Sasha,3,PROPN
percentage,3,NOUN
Percentage,2,PROPN
Result,2,PROPN
Pass,2,PROPN
Merit,2,PROPN
Distinction,2,PROPN
get?You,2,PROPN
Ibrar,2,PROPN
lead,1,NOUN
lead,1,NOUN
cm3.Tin,1,PROPN
force,3,NOUN
newton,2,NOUN
act,2,NOUN
pressure,4,NOUN
Hanif,2,PROPN
paint,6,"NOUN, VERB"
mix,2,VERB
container,2,NOUN
cost,5,VERB
225He,2,NOUN
tinsmake,2,NOUN
Q.You,1,PROPN
gravity,1,NOUN
planet,2,NOUN
here,1,ADV
help,2,VERB
organise,1,VERB
Pizza,1,PROPN
salami,1,NOUN
margarita,1,PROPN
rain,1,VERB
cm2you,1,NOUN
horizontal,4,ADJ
field,7,NOUN
vertical,4,ADJ
pole,1,NOUN
place,3,VERB
corner,1,NOUN
tunnel,2,NOUN
semicircular,3,ADJ
arc,4,NOUN
cmthe,2,NOUN
farmer,3,NOUN
fence,1,NOUN
edge,6,NOUN
fence?you,1,NOUN
together,1,ADV
break,2,"NOUN, VERB"
carry,3,VERB
Ashraf,1,PROPN
crate,2,NOUN
measure,3,VERB
calculation,2,NOUN
’’Evaluate,1,PROPN
3cm,2,ADJ
pyramid,3,NOUN
base,7,"ADJ, NOUN"
sector,1,NOUN
circle,4,NOUN
sector,8,NOUN
Sector,1,PROPN
semi,2,"ADJ, NOUN"
touch,3,VERB
translate,2,VERB
document,2,NOUN
translate,1,VERB
work?You,1,PROPN
contact,1,NOUN
exert,1,VERB
prism,5,NOUN
km3.the,1,NOUN
km3.How,1,PROPN
Earth?Assume,1,PROPN
spheres.[The,1,PROPN
sphere,8,NOUN
DF,1,PROPN
tan30,1,NOUN
sin60,1,NOUN
BC,8,PROPN
hexagon,6,"NOUN, PROPN"
parallelogram,2,NOUN
hill,1,NOUN
octagon,6,"NOUN, PROPN"
New,2,PROPN
York,2,PROPN
US,1,PROPN
gallon,4,NOUN
well,2,ADJ
york?you,1,NOUN
water,12,NOUN
pond,4,NOUN
assume,7,VERB
continue,2,VERB
drive,5,"NOUN, VERB"
Gretna,1,PROPN
Green,3,PROPN
right?You,3,PROPN
change,1,"NOUN, VERB"
ruler,2,NOUN
compass,1,NOUN
bisector,1,NOUN
construction,1,NOUN
zip,1,NOUN
wire,3,NOUN
support,1,VERB
post,3,"NOUN, VERB"
stand,1,VERB
design,2,NOUN
require,1,VERB
post,3,"NOUN, VERB"
pendulum,1,NOUN
period,3,NOUN
BCDE,1,PROPN
equilateral,9,ADJ
region,3,NOUN
cm2.the,2,NOUN
mast,1,NOUN
depression,1,NOUN
x).Label,1,PROPN
triangle.=,2,PROPN
cm.=,1,NOUN
walk,6,VERB
Tia,1,PROPN
quadrilateral,10,"ADJ, NOUN, PROPN"
Angle,10,PROPN
Sheffield,1,PROPN
km/h,1,NOUN
Lyn,1,PROPN
assume,3,VERB
road,1,NOUN
path,1,NOUN
position,3,NOUN
pm,3,NOUN
first?you,1,NOUN
cm3.calculate,1,NOUN
cone.[The,1,PROPN
v,2,NOUN
Paris,3,PROPN
Amsterdam,1,PROPN
slow,1,ADJ
effect,4,NOUN
unwanted,1,ADJ
cm3.Liquid,1,PROPN
c.,1,NOUN
syrup,1,NOUN
carbonated,1,ADJ
density?circle,1,NOUN
gold,4,"ADJ, NOUN"
right,2,ADV
angle,2,VERB
trianglei,2,NOUN
right‐angle,1,VERB
.The,7,PROPN
earring,2,NOUN
quarter,4,NOUN
hasmeet,1,NOUN
equally,3,ADV
space,1,VERB
Hasmeet,1,PROPN
join,5,VERB
cone,3,NOUN
slant,1,ADJ
radiusthe,1,NOUN
curved,1,ADJ
World,1,PROPN
Pack,1,PROPN
circular,2,ADJ
cow,1,NOUN
sheep,1,NOUN
pig,2,NOUN
there,4,ADV
centre,1,NOUN
elevation,3,NOUN
ABC,8,PROPN
ACD,4,PROPN
AC,6,PROPN
village,6,NOUN
Axel,1,PROPN
Lethna,1,PROPN
drive,1,VERB
motorway,2,NOUN
see,2,VERB
sign,2,NOUN
Junction,2,PROPN
8it,1,ADJ
driver,1,NOUN
miles26,1,NOUN
gallon,1,NOUN
fuel,1,NOUN
pump,2,VERB
minute,6,NOUN
completely?give,1,ADJ
exert,1,VERB
Kevin,1,PROPN
keep,1,VERB
pig,1,NOUN
semicircle,2,NOUN
semicircle,4,NOUN
8cm,2,"ADJ, NOUN"
Frank,1,PROPN
Seth,1,PROPN
toothpaste,1,NOUN
tube,1,NOUN
toothpaste,1,NOUN
money?You,1,PROPN
sin,1,NOUN
Packer,1,PROPN
Street,1,PROPN
ingredient,1,NOUN
mince,1,NOUN
pie,1,NOUN
ingredient,1,NOUN
butter350,1,PROPN
flour100,1,PROPN
sugar,1,NOUN
mincemeat1,1,NOUN
Elaine,1,PROPN
butterI,1,PROPN
flour500,1,PROPN
mincemeat6,1,NOUN
egg,2,NOUN
ingredient,1,NOUN
pies?you,1,NOUN
outer,1,ADJ
thickness,2,NOUN
k.,3,NOUN
ship,1,NOUN
Ship,1,PROPN
due,2,ADJ
north,3,NOUN
Burford,1,PROPN
Hightown,1,PROPN
build,3,VERB
warehouse,1,NOUN
bottle,1,NOUN
shop,1,NOUN
normal,3,ADJ
cheap,2,ADJ
Emma,5,PROPN
photo,3,NOUN
reduce,2,VERB
pixel,1,NOUN
Aandnearer,1,PROPN
r.show,1,VERB
logo,4,NOUN
Daisy,1,PROPN
fill,3,VERB
playground,1,NOUN
cover,4,VERB
tarmac,1,NOUN
melt,2,VERB
stick,1,NOUN
sculptor,1,NOUN
lift,1,VERB
piece,5,NOUN
marble,2,NOUN
dimension,6,NOUN
marble,1,NOUN
cm3.The,2,PROPN
lifting,1,NOUN
gear,1,NOUN
load,2,NOUN
marble?justify,1,NOUN
ABCD.DB,1,PROPN
px,1,NOUN
PB,1,PROPN
flow,1,"NOUN, VERB"
ADB,2,PROPN
BCD,2,PROPN
CD,6,PROPN
BAD,2,PROPN
cliff,1,NOUN
radio,1,NOUN
mast,1,NOUN
buoy,1,NOUN
sea,1,NOUN
30cm,1,NOUN
cm2work,3,"NOUN, VERB"
ACB,2,PROPN
drawing,1,NOUN
Scale,1,PROPN
BD,4,PROPN
M.V,1,PROPN
M,3,PROPN
VM,2,PROPN
VA,1,PROPN
ladder,2,NOUN
lean,1,VERB
wall,5,NOUN
stand,2,VERB
bottom,4,"ADJ, NOUN"
about,1,ADV
use?You,2,PROPN
10cm,1,NOUN
ABCDEFGH,1,PROPN
ab,7,NOUN
cg,1,NOUN
Ivana,1,PROPN
pencil,2,NOUN
completely,5,ADV
cuboid?show,1,NOUN
.calculate,1,ADJ
rectangle,2,NOUN
Rob,1,PROPN
Tim,3,PROPN
end,1,VERB
start,3,VERB
Frances,1,PROPN
glass,2,NOUN
isosceles,6,PROPN
move,1,VERB
driveway,1,NOUN
gravel,3,NOUN
deep,2,"ADJ, ADV"
Gravel,1,PROPN
m3,2,"NOUN, PROPN"
discount,4,NOUN
Fulbeck,1,PROPN
Ganby,1,PROPN
Horton,1,PROPN
Raksha,1,PROPN
then,3,ADV
00She,1,PROPN
East,1,PROPN
A.C,1,PROPN
North,1,PROPN
A.D,1,PROPN
South,1,PROPN
A.,4,PROPN
share,1,VERB
Maddie,1,PROPN
sloping,2,ADJ
service,2,NOUN
station,1,NOUN
Aysha,1,PROPN
lighthouse,1,NOUN
ornament,1,NOUN
base,5,VERB
15cm,1,PROPN
cut,5,VERB
contain,3,VERB
bisect,2,VERB
room,3,NOUN
carpet,1,NOUN
50cm,1,PROPN
pack,8,"NOUN, VERB"
pack,9,"NOUN, VERB"
fit,1,VERB
fitting,1,ADJ
AOB,1,PROPN
o,3,NOUN
6cm,1,NOUN
Angie,1,PROPN
varnish,1,"NOUN, VERB"
floor?you,1,NOUN
Mariana,2,PROPN
bird,2,NOUN
food,5,NOUN
week,9,NOUN
mixture,2,NOUN
edge,3,NOUN
sin30,1,ADJ
angle,1,NOUN
parallelogram,8,NOUN
ABCDEF,2,PROPN
AFB,1,PROPN
Acton,2,PROPN
Barston,1,PROPN
Chorlton,1,PROPN
caretaker,1,NOUN
polish,1,"NOUN, VERB"
normally,1,ADV
cover,4,"NOUN, VERB"
.Angle,2,PROPN
split,1,VERB
mmthe,1,NOUN
black,5,"ADJ, NOUN"
frustum,2,NOUN
remove,3,VERB
similar,5,ADJ
yacht,1,NOUN
tanker,2,NOUN
scale,1,NOUN
measure,1,VERB
OAB,4,PROPN
O.,4,PROPN
oa,1,NOUN
AX,2,PROPN
OB,1,PROPN
6cm2.show,1,ADJ
ax,2,NOUN
cos30,1,"ADJ, NOUN"
ofgive,1,ADJ
sail,2,"NOUN, VERB"
direct,3,ADJ
CAD,4,PROPN
cd,6,NOUN
Pablo,1,PROPN
statue,2,NOUN
block,2,NOUN
grass,2,NOUN
lawn,2,NOUN
Grass,1,PROPN
kilogram,3,"NOUN, PROPN"
n.,3,NOUN
Lionel,1,PROPN
mother,1,NOUN
fare,1,NOUN
Marseille,1,PROPN
Standard,1,PROPN
fare,1,NOUN
Premier,1,PROPN
Adult,2,PROPN
Child,1,PROPN
adult,7,NOUN
premier,1,ADJ
frame,2,NOUN
along,2,ADV
Janet,2,PROPN
orienteering,1,NOUN
checkpoint,3,"NOUN, VERB"
.Janet,1,PROPN
gingerbread,1,ADJ
Ingredientsto,1,PROPN
flour,1,NOUN
ginger,2,NOUN
butter,1,NOUN
acute,3,ADJ
Mars,2,PROPN
signal,1,NOUN
send,5,VERB
actually,1,ADV
ethanol,1,NOUN
cm3The,2,PROPN
propylene,1,NOUN
mix,3,VERB
antifreeze,1,NOUN
advise,1,VERB
estimate,1,VERB
buy,1,VERB
Jeremy,1,PROPN
tank,1,NOUN
tanks?you,1,NOUN
Brian,1,PROPN
diameter,3,NOUN
edge,1,VERB
lawn,1,ADJ
edging,1,NOUN
Lawn,1,PROPN
rollor3,1,NOUN
needs?You,1,PROPN
rice,3,NOUN
calorie,1,NOUN
Delhi,1,PROPN
Kanpur,1,PROPN
Big,1,PROPN
Wheel,1,PROPN
model,1,VERB
wheel,1,NOUN
direction,4,NOUN
Sunita,1,PROPN
m2.write,1,NOUN
shape,3,"NOUN, VERB"
s.give,1,ADJ
cmangle,2,NOUN
city,1,NOUN
depart,1,VERB
arrive,1,VERB
company,1,NOUN
furniture,1,NOUN
Pooles,1,PROPN
Jardins,1,PROPN
Outways,1,PROPN
exchange,1,NOUN
rate,2,NOUN
price?You,2,NOUN
path,4,NOUN
PQR,2,PROPN
organic,1,ADJ
pr,1,NOUN
rpq,1,NOUN
recent,1,ADJ
harvest,1,VERB
Irfan,1,PROPN
patio,3,NOUN
shade,2,VERB
tan,2,NOUN
oil,1,NOUN
flow,3,VERB
Leah,1,PROPN
sine,1,NOUN
.here,1,ADJ
turbine,1,NOUN
turbine,1,NOUN
west,1,NOUN
length,4,"ADJ, NOUN"
ad,7,NOUN
CF,2,PROPN
af,1,NOUN
DAB,2,PROPN
statement,5,NOUN
multiply,4,VERB
airport,1,NOUN
hotel,4,NOUN
build,1,VERB
close,1,"ADJ, ADV"
.will,1,PROPN
be,1,VERB
Yuen,2,PROPN
.Yuen,1,PROPN
garden?show,1,NOUN
cm=,2,PROPN
enlargement,4,NOUN
t,3,NOUN
U.,1,PROPN
turn,2,NOUN
Adele,1,PROPN
change,6,"NOUN, VERB"
receive,4,VERB
€,1,NOUN
front,2,ADJ
arrow,3,NOUN
group,3,NOUN
Group,1,PROPN
c.give,1,NOUN
C.Find,1,PROPN
EDC,1,PROPN
EA,1,PROPN
DB,1,PROPN
EC,1,PROPN
DC,1,PROPN
AE,3,PROPN
hold,2,VERB
cover,2,VERB
ABC.CD,2,PROPN
AB.A,2,PROPN
angle,2,NOUN
Insert,2,PROPN
DCE,2,PROPN
mathematical,1,ADJ
name,4,NOUN
ABP,1,PROPN
QDC,1,PROPN
ADP,1,PROPN
CBQ,1,PROPN
vector,4,NOUN
call,1,VERB
pentagon,2,NOUN
cm2the,1,NOUN
vase,1,NOUN
Vase,1,PROPN
vase,1,NOUN
vase,1,NOUN
cm3calculate,1,ADJ
vector,1,NOUN
view,2,NOUN
step,2,NOUN
strut,2,NOUN
symmetrical,2,ADJ
interior,2,ADJ
column,1,NOUN
major,1,ADJ
proof,2,NOUN
Shape,2,PROPN
T,4,PROPN
bisect,2,NOUN
polygon,1,NOUN
q.,2,NOUN
pancake,1,NOUN
Pancakes,1,PROPN
Ingredients,1,PROPN
milk120,1,PROPN
flour2,1,PROPN
Matthew,2,PROPN
translate,1,"NOUN, VERB"
PTS,1,PROPN
PTQ,1,PROPN
PSR,1,PROPN
qt,1,NOUN
cmt,1,NOUN
QRST,1,PROPN
Reece,1,PROPN
mint,1,NOUN
sherbert,1,NOUN
toffee,1,NOUN
Enlarge,1,PROPN
−1.5,1,PROPN
reflect,1,VERB
translate,2,VERB
birthday,4,NOUN
day?Show,2,VERB
Rectangle,1,PROPN
enlarge,1,VERB
image,2,NOUN
tangent,5,NOUN
determine,2,VERB
BX,1,PROPN
CX,1,PROPN
DX,1,PROPN
boundary,1,NOUN
inner,1,ADJ
link,1,VERB
t.,1,PROPN
DFG,1,PROPN
question,2,NOUN
trapezium,1,NOUN
ABGive,1,PROPN
Suha,1,PROPN
wallpaper,1,"NOUN, PROPN"
remover,1,"NOUN, PROPN"
mix,2,"NOUN, VERB"
Wallpaper,1,PROPN
remover600,1,PROPN
Mix,1,PROPN
removerwith,1,NOUN
millilitre,1,NOUN
mathematically,1,ADV
wooden,1,ADJ
workshop,1,NOUN
locus,1,NOUN
invariant,1,ADJ
decagon,1,NOUN
Rana,2,PROPN
medium,4,"ADJ, NOUN"
parallelangle,1,ADJ
.Here,1,PROPN
PT,1,PROPN
x.y,1,PROPN
BAE,1,PROPN
BAC,2,PROPN
comment,3,"NOUN, VERB"
affect,1,VERB
cylinder,2,NOUN
BHF,1,PROPN
kite,3,NOUN
CEF,1,PROPN
AFCE,1,PROPN
Dave,1,PROPN
Donald,1,PROPN
swim,2,"NOUN, VERB"
suggest,2,VERB
circle?tick,1,NOUN
ABD,2,PROPN
CDB,2,PROPN
very,1,ADV
tall,2,ADJ
building,4,NOUN
.angle,1,NOUN
800her,2,NOUN
crisp,1,NOUN
rotate,1,VERB
coffee,1,NOUN
sachet,1,NOUN
hexagon,2,NOUN
vector,1,NOUN
.simplify,1,VERB
O.CA,2,PROPN
CB,2,PROPN
OAC,2,PROPN
OBC,2,PROPN
vector,1,NOUN
d,3,"NOUN, PROPN"
e,1,"NOUN, PROPN"
isometric,2,ADJ
simplified,2,ADJ
Maria,1,PROPN
newspaper,1,NOUN
cent,1,NOUN
Bottle,1,PROPN
letter,3,NOUN
envelope,2,NOUN
work,1,VERB
able,3,ADJ
Roy,1,PROPN
enlarge,1,VERB
.When,1,PROPN
accurate,4,ADJ
m=,1,PROPN
Vector,1,PROPN
identical,1,ADJ
boot,1,NOUN
Geneva,1,PROPN
swiss,1,ADJ
franc,2,NOUN
francs£1,1,NOUN
paris?you,1,NOUN
2b,1,NOUN
7cm,1,NOUN
y.y,1,PROPN
z.,2,"NOUN, PROPN"
z,2,NOUN
midpoint,1,NOUN
OX,1,PROPN
XY,1,PROPN
YZ,2,PROPN
OZ,1,PROPN
enlarge,1,"ADJ, VERB"
Muller,1,PROPN
family,1,NOUN
Zealand,1,PROPN
receive,3,VERB
dollars).The,1,PROPN
Gavin,1,PROPN
volume,2,NOUN
5cm,2,PROPN
Translate,1,PROPN
cyclic,2,ADJ
theorem,2,NOUN
flat,1,NOUN
bungalow,1,NOUN
plane,2,NOUN
Trapezium,2,PROPN
theatre,1,NOUN
2each,1,ADJ
seat,1,NOUN
Stalls,1,PROPN
seat,1,NOUN
stalls.117,1,ADJ
seats?You,1,PROPN
flower,2,NOUN
bed,1,NOUN
soil,1,NOUN
bed,1,NOUN
meet,3,VERB
9cm,2,NOUN
harbour,1,NOUN
real,3,ADJ
coast,1,NOUN
ship,1,NOUN
sail,2,"NOUN, VERB"
cone,1,NOUN
transport,3,"NOUN, VERB"
lorry,2,NOUN
cab,2,NOUN
trailer,2,NOUN
90m3.Alfie,1,PROPN
model,8,"NOUN, VERB"
build,1,VERB
high,4,ADJ
relate,1,VERB
adc,1,NOUN
cut,4,VERB
purple,1,ADJ
Yan,1,PROPN
purple,2,ADJ
Theo,3,PROPN
18jame,3,NOUN
save,4,VERB
week,4,NOUN
Sundip,2,PROPN
5.Emma,2,PROPN
original,2,ADJ
sphere,2,NOUN
paper,2,NOUN
rotational,1,ADJ
pen,5,NOUN
packsof,1,PROPN
assume,1,VERB
move?circle,1,VERB
down,4,ADV
R.,3,PROPN
Square,2,PROPN
exterior,2,ADJ
prism,1,NOUN
Jay,3,PROPN
AED,1,PROPN
ABE,2,PROPN
8cm2.work,1,NOUN
railway,2,NOUN
rail,1,NOUN
O,1,PROPN
BCO,1,PROPN
AOC,1,PROPN
Deon,1,PROPN
biscuit,2,NOUN
juice,1,NOUN
café,1,NOUN
fill,2,VERB
bottle?you,1,NOUN
touch,1,VERB
rotate,1,"NOUN, VERB"
connect,1,VERB
reflect,1,VERB
Raya,1,PROPN
van,3,"NOUN, PROPN"
Saj,1,PROPN
Rose,2,PROPN
Pink,2,PROPN
Cherry,1,PROPN
Pinkred,1,PROPN
add,6,VERB
paint?you,1,NOUN
0).label,1,NOUN
scalar,1,ADJ
quantity,1,NOUN
onsuch,1,NOUN
mAngle,1,PROPN
Ava,1,PROPN
deliver,2,VERB
leaflet,1,NOUN
houses?give,1,"ADV, VERB"
ofmetre,1,NOUN
.Vase,1,PROPN
AQ,1,PROPN
PC,1,PROPN
shortcake,1,NOUN
Shortcakes,1,PROPN
make,1,VERB
butter200,1,PROPN
flour10,1,NOUN
cumulative,1,ADJ
5p,2,PROPN
3and,1,NOUN
ocd,1,NOUN
Mega,1,PROPN
Bathrooms,1,PROPN
Bathroom,1,PROPN
Mart,1,PROPN
BathroomsSale,1,PROPN
pricethen%,1,PROPN
Sale,1,PROPN
bathroom,1,NOUN
from?You,1,PROPN
Astrid,1,PROPN
Dane,1,PROPN
Oil,1,PROPN
charge,4,"NOUN, VERB"
Oil?You,1,PROPN
line?show,1,NOUN
1.5calculate,1,NOUN
chicken,1,NOUN
butter300,1,PROPN
chicken150,1,PROPN
cream,2,NOUN
onion,1,NOUN
stock,1,NOUN
Pieter,1,PROPN
currency,1,NOUN
change,2,VERB
rand,1,NOUN
currency,1,NOUN
rand,1,NOUN
rupee,2,NOUN
ratio,3,NOUN
waiting,1,NOUN
Hospital,2,PROPN
Kaz,2,PROPN
digital,1,ADJ
E,3,PROPN
F.,1,PROPN
route,3,"NOUN, VERB"
catch,1,VERB
tourist,3,NOUN
Rashid,2,PROPN
x.,2,NOUN
ADX,1,PROPN
BCX.Give,1,PROPN
Arjun,1,PROPN
Gretal,1,PROPN
7.In,1,PROPN
2019.Gretal,1,PROPN
2018.work,1,NOUN
cuboid,1,NOUN
cmB,1,PROPN
cmc,1,NOUN
B.Here,1,PROPN
gas,2,NOUN
cone.[the,1,ADJ
Cylinder,1,PROPN
congruent?circle,1,NOUN
William,1,PROPN
planetary,1,ADJ
Sun,2,PROPN
model,1,NOUN
planet,2,NOUN
Imran,1,PROPN
DCO,1,NOUN
millimetre,2,NOUN
kilometre,2,NOUN
-2,2,"NOUN, PROPN"
2).Label,1,PROPN
K.,1,PROPN
lira,1,NOUN
instead,2,ADV
Asif,1,PROPN
shoe,3,NOUN
PQS,1,PROPN
QRS,1,PROPN
dc,1,NOUN
3.C,1,PROPN
.show,1,ADV
.Mary,1,PROPN
double,2,VERB
steak,1,NOUN
Milo,1,PROPN
25cm,2,NOUN
Alvin,1,PROPN
open,1,ADJ
internal,1,ADJ
wide,3,ADJ
95cm,1,NOUN
short,3,ADJ
extend,1,VERB
proportionality,1,NOUN
match,2,VERB
graph,2,NOUN
tomato,2,NOUN
O.AC,1,PROPN
gain,2,VERB
Class,3,PROPN
X,2,PROPN
class,2,NOUN
y,1,NOUN
handed,3,ADJ
males.25,2,NOUN
table,3,NOUN
send,1,VERB
Weight,3,PROPN
Post,2,PROPN
60p,2,PROPN
Large,1,PROPN
101—250,1,PROPN
post,1,VERB
tick,2,VERB
calculate,1,VERB
rowing,2,NOUN
baby,2,NOUN
clinic,1,NOUN
opposite,2,"ADJ, NOUN"
truck,1,NOUN
panel,1,NOUN
panel,1,NOUN
m3.The,1,PROPN
tonne,1,NOUN
building,1,NOUN
motorbike,1,NOUN
bridge,1,NOUN
speed(s,1,VERB
national,1,ADJ
international,1,ADJ
runner,3,NOUN
runner,1,NOUN
comment,1,NOUN
compare,1,VERB
enter,1,VERB
Sumeet,3,PROPN
clean,3,VERB
pump,2,NOUN
level,2,NOUN
sit,2,VERB
handed?show,1,NOUN
wish,1,VERB
reliable,2,ADJ
engine,1,NOUN
correlation,1,NOUN
Ling,1,PROPN
predict,1,VERB
umbrella,1,NOUN
distance,3,NOUN
heat,1,VERB
Average,1,PROPN
temperature(,1,NOUN
unit,1,NOUN
limitation,1,NOUN
strength,1,NOUN
Estimate,4,PROPN
Distance,6,PROPN
trunk,1,NOUN
Ana,1,PROPN
offer,2,"NOUN, VERB"
VoucherSave,1,PROPN
youspend,1,VERB
approximately,3,ADV
voucher,2,NOUN
justify,1,VERB
plum,1,NOUN
apple,1,NOUN
32p,1,NOUN
Apples,1,PROPN
holiday,1,NOUN
earning,3,NOUN
Weekly,2,PROPN
bag,1,NOUN
label,1,VERB
sell,2,VERB
delivery,1,NOUN
driver,1,NOUN
delay,2,VERB
delivery,3,NOUN
shopping,2,NOUN
supermarket,4,NOUN
Walkden,1,PROPN
Reds,1,PROPN
basketball,2,NOUN
Jordan,1,PROPN
score,3,VERB
11th,1,ADJ
eat,1,VERB
rise,1,VERB
pine,1,"ADJ, NOUN"
weatherman,1,NOUN
temperature,1,NOUN
sunshine,1,NOUN
says?give,1,VERB
12the,1,ADJ
scoring,1,NOUN
ben?you,1,NOUN
Aisha,1,PROPN
average,2,ADJ
revise,1,VERB
achieve,1,VERB
spanish,2,ADJ
outlier,1,NOUN
Bhavna,1,PROPN
watch,1,VERB
tv,3,NOUN
mistake,1,NOUN
draw,2,VERB
shoe,2,NOUN
target?you,1,NOUN
check,1,VERB
discount,1,VERB
flight,4,NOUN
incomplete,2,ADJ
bird,1,NOUN
Paula,1,PROPN
Bird,1,PROPN
Magpie,1,PROPN
Thrush,1,PROPN
startling,1,NOUN
Sparrow,1,PROPN
chart,2,NOUN
median,1,NOUN
range,1,VERB
deliver,4,VERB
weigh,1,VERB
Kristina,1,PROPN
represent,1,VERB
Speed,4,PROPN
shortbread,1,"ADJ, NOUN"
Shortbread,1,PROPN
biscuitsmake,1,VERB
caster,1,NOUN
sugar180,1,PROPN
Tariq,1,PROPN
daily,1,ADJ
1.He,1,PROPN
absent,1,ADJ
carriage,1,NOUN
Jamil,2,PROPN
Iqrah,1,PROPN
family,1,NOUN
correct?state,1,NOUN
computer,1,NOUN
Quarter,1,PROPN
number,4,NOUN
ofcomputer,1,NOUN
silver,3,"ADJ, NOUN"
medal,2,"ADJ, NOUN"
cement,1,NOUN
sand,2,NOUN
stone,1,NOUN
bag(kg,1,NOUN
cost,1,NOUN
bag(£,1,NOUN
Cement,1,PROPN
Sand,1,PROPN
Stone,1,PROPN
wage,1,NOUN
task,2,NOUN
bedroom,1,NOUN
Liam,5,PROPN
lose,3,VERB
quickly,1,ADV
salary,3,NOUN
injury,1,NOUN
squad,1,NOUN
hockey,2,NOUN
join,2,VERB
Diyar,1,PROPN
blue,1,ADJ
2work,1,VERB
39the,1,NOUN
33the,1,ADJ
class,1,NOUN
onion,1,NOUN
grow,1,VERB
onion,1,NOUN
pickling,1,NOUN
market,1,NOUN
processing,1,NOUN
differ,1,VERB
summarise,3,VERB
attraction,2,NOUN
visit,1,VERB
seasonal,1,ADJ
variation,2,NOUN
health,1,NOUN
store,1,NOUN
marathon,3,NOUN
information,1,NOUN
30.For,1,PROPN
resultsthe,1,PROPN
Maths,2,PROPN
comparison,2,NOUN
foot,1,NOUN
Foot,1,PROPN
median?circle,1,ADJ
diagram,3,NOUN
tap,2,NOUN
off,1,ADV
turn,2,VERB
capacity,1,NOUN
wait,3,VERB
long,6,"ADJ, ADV"
call,1,NOUN
Bergdesh,1,PROPN
travel,1,VERB
passenger,1,NOUN
month,1,NOUN
Mar,1,PROPN
Apr,1,PROPN
Jun,1,PROPN
July,1,PROPN
Sep,1,PROPN
Oct,1,PROPN
Dec,1,PROPN
ofcustomer,2,NOUN
Office,2,PROPN
Hertford,1,PROPN
Juniors,1,PROPN
go,1,VERB
do,1,VERB
salary,1,NOUN
Salary,1,PROPN
frequency,1,NOUN
parcel,3,NOUN
apartment,1,NOUN
mobile,1,ADJ
plot,1,NOUN
Richard,1,PROPN
vary,1,VERB
fertiliser,2,NOUN
weigh,2,VERB
B.He,2,PROPN
give,1,VERB
A.He,1,PROPN
A.The,2,PROPN
watch,1,VERB
geometry,1,NOUN
Luis,1,PROPN
spread,2,"ADJ, VERB"
thegeometry,1,ADJ
call,1,NOUN
jigsaw,1,NOUN
Danil,1,PROPN
Gabriel,1,PROPN
Hadley,1,PROPN
postman,1,NOUN
Miles,1,PROPN
set,2,NOUN
8work,2,VERB
Amount,1,PROPN
predict,4,VERB
heating,2,NOUN
outside,1,ADJ
belt,1,NOUN
medium,1,ADJ
small,1,ADJ
manager,3,NOUN
tell,1,VERB
manager?you,1,NOUN
social,2,ADJ
medium,2,NOUN
min,2,"NOUN, VERB"
Midpoint,1,PROPN
annual,1,ADJ
p(£,1,NOUN
Cumulativefrequency,1,PROPN
theme,1,NOUN
wage,2,NOUN
trend,1,NOUN
arm,1,NOUN
Nadiya,1,PROPN
agree,2,VERB
watermelon,1,NOUN
kgWork,1,NOUN
Manuel,1,PROPN
collect,1,VERB
arrive,1,VERB
minute,1,NOUN
swimmer,1,NOUN
captain,1,NOUN
swimmer,1,NOUN
qualify,1,VERB
email,1,NOUN
handle,1,VERB
attend,1,VERB
Yusuf,1,PROPN
examination,1,NOUN
74the,1,ADJ
France,1,PROPN
wallet,1,NOUN
voter,1,NOUN
election,1,NOUN
vote,1,VERB
3Work,1,VERB
member,1,NOUN
fail,1,VERB
Sanders,1,PROPN
store,1,VERB
rainwater,1,NOUN
min,1,NOUN
Salaman,1,PROPN
mathematic,1,NOUN
ribbon,3,NOUN
bear,1,VERB
goal,1,NOUN
Henri,1,PROPN
summer,1,NOUN
polo,1,NOUN
Turkey,1,PROPN
Claudine,1,PROPN
Lower,2,PROPN
hUpper,1,PROPN
look,3,VERB
ofminutes,1,PROPN
ofstudent,1,NOUN
police,1,NOUN
vehicle,1,NOUN
ofvehicle,1,NOUN
Kim,2,PROPN
prediction,2,NOUN
french,2,ADJ
German,2,PROPN
keep,1,VERB
Minutes,1,PROPN
Least,2,"ADJ, PROPN"
upper,2,ADJ
Winter,1,PROPN
purchase,1,NOUN
website,2,NOUN
summarise,1,VERB
worker,2,NOUN
there,1,ADV
areworker,1,VERB
Charlotte,1,PROPN
grade,1,NOUN
gain,1,VERB
Karel,1,PROPN
namibian,1,ADJ
gluten,2,NOUN
free7,2,NOUN
free5,2,NOUN
naan,2,PROPN
bread,2,NOUN
free,2,ADJ
Meal,3,PROPN
Deal,3,PROPN
choose,4,VERB
deal,2,NOUN
totally,2,ADV
hepaid,1,PROPN
blueberry,1,NOUN
blueberry,1,NOUN
Josh,2,PROPN
circle?Tick,1,PROPN
units2,1,PROPN
school,1,NOUN
conference,3,NOUN
yesterday,1,NOUN
cleaner,1,NOUN
room,1,NOUN
today,1,NOUN
cleaner,1,NOUN
clean,1,ADJ
chicken,1,NOUN
duck,1,NOUN
9there,1,ADJ
Pavel,1,PROPN
Riza,1,PROPN
tray,3,NOUN
buy?you,1,NOUN
Daniel,2,PROPN
bake,1,VERB
vanilla,1,NOUN
banana,2,NOUN
relationship,1,NOUN
proportionality,1,NOUN
Marianne,1,PROPN
photo,1,NOUN
selling,1,NOUN
is€1,1,VERB
dressmaker,1,NOUN
charge,2,VERB
dress,2,NOUN
rupee,1,NOUN
Henry,2,PROPN
have,3,VERB
meter,2,NOUN
Water,3,PROPN
Meter,1,PROPN
91.22p,1,NOUN
cubie,2,NOUN
No,1,PROPN
determine,3,VERB
Joe,2,PROPN
Kyle,2,PROPN
Bag,1,PROPN
Sharon,1,PROPN
Red,2,PROPN
Yellow,2,PROPN
Sandra,1,PROPN
string,1,NOUN
Czech,1,PROPN
Republic,1,PROPN
koruna,1,"NOUN, PROPN"
note,1,NOUN
Aiko,1,PROPN
Max,2,PROPN
Pau,1,PROPN
yenmax,1,ADJ
win,3,VERB
complete?You,1,PROPN
ocean,1,NOUN
.at,1,ADJ
depth,1,NOUN
chocolate,2,NOUN
tin.45,1,ADJ
toffee,1,NOUN
middle,2,"ADJ, NOUN"
Hong,2,PROPN
Kong,2,PROPN
camera,1,NOUN
HK$3179.55In,1,PROPN
HK$12.30,1,PROPN
repayment,2,NOUN
6400.katie,2,NOUN
Andreas,1,PROPN
Isla,1,PROPN
Paulo,1,PROPN
video,1,NOUN
learn,1,VERB
hang,1,VERB
Babajan,1,PROPN
breakfast,1,NOUN
cereal,2,NOUN
nuts,1,ADJ
raisin,1,NOUN
oats,1,NOUN
intensity,1,NOUN
sound,2,"NOUN, VERB"
watt,1,NOUN
loudspeaker,1,NOUN
pensand,1,NOUN
Kiaria,1,PROPN
Marian,1,PROPN
cakes?you,1,NOUN
Talil,1,PROPN
cement85,1,NOUN
sand100,1,PROPN
George,2,PROPN
sample,1,VERB
style,1,NOUN
Style,1,PROPN
Laced,1,PROPN
boot,1,NOUN
sandal,1,NOUN
Trainers,1,PROPN
survey,5,NOUN
sandal,1,NOUN
buy?write,1,VERB
halve,1,VERB
speed?Circle,1,PROPN
Robert,2,PROPN
butter1000,1,PROPN
5there,1,NOUN
Tara,1,PROPN
locomotive,1,NOUN
Margaret,2,PROPN
England,2,PROPN
UK,3,PROPN
USA,1,PROPN
litres£1,1,PROPN
dollarswas,1,NOUN
female.1295,1,ADJ
Thor,1,PROPN
icelandic,1,ADJ
Krona,1,PROPN
krona,1,NOUN
potato,1,NOUN
Brendon,1,PROPN
Julie,2,PROPN
party?Tick,1,PROPN
Sheila,1,PROPN
rotation,1,NOUN
clockwise,2,"ADJ, NOUN"
reflection,1,NOUN
geometrically,1,ADV
b2,1,NOUN
Veale,1,PROPN
2017Give,1,PROPN
Kay,1,PROPN
Neil,2,PROPN
r%,1,NOUN
simple,1,ADJ
r.,1,NOUN
Izzy,1,PROPN
finish,1,VERB
horse,1,NOUN
8)point,1,NOUN
mirror,1,NOUN
6x,1,NOUN
r,1,NOUN
increase,1,VERB
gannet,1,ADJ
university,1,NOUN
Louis,1,PROPN
investigate,1,VERB
flask,1,NOUN
a.the,1,NOUN
440p.4,2,PROPN
470p,2,NOUN
intersection,1,NOUN
grid,1,NOUN
Debbie,2,PROPN
Ian,2,PROPN
starting,2,NOUN
Redlands,1,PROPN
School,1,PROPN
revision,1,NOUN
St,1,PROPN
Samuel,1,PROPN
Francis,1,PROPN
Long,1,PROPN
Kalinda,1,PROPN
currant,1,ADJ
bun,1,NOUN
ice,1,VERB
start,1,VERB
reach,1,VERB
s.,2,PROPN
slow,1,VERB
hit,1,VERB
stop,2,VERB
never,1,ADV
student,1,NOUN
Student,1,PROPN
state,1,VERB
surd,3,"NOUN, PROPN"
Michael,1,PROPN
Alison,1,PROPN
substitute,1,VERB
factorise,1,VERB
f(10,1,NOUN
f(5,1,PROPN
below,1,ADV
define,1,VERB
perfect,1,ADJ
olympic,1,ADJ
medallist,1,NOUN
Usain,1,PROPN
Bhavara,1,PROPN
Ceris,1,PROPN
young,2,ADJ
36)Point,1,PROPN
7).Point,1,PROPN
thetown,1,VERB
hall?Give,1,PROPN
Aandpasses,1,PROPN
continue,2,VERB
G.,1,PROPN
7x,1,PROPN
travelled?give,1,ADJ
heater,1,NOUN
strip,2,NOUN
cyclist,1,NOUN
gf,1,PROPN
-0.5,1,PROPN
-1.625,1,PROPN
identify,1,VERB
criticism,1,NOUN
bound,2,VERB
company,1,NOUN
penny,1,NOUN
kwh,1,NOUN
steeper?Explain,1,PROPN
steep,1,ADJ
claim,1,VERB
accelerate,1,VERB
mile,1,NOUN
water,3,NOUN
pour,1,VERB
minute?circle,1,VERB
visit,1,VERB
originally,3,ADV
vehicle,1,NOUN
left,1,ADJ
fall,1,VERB
800.find,1,VERB
return,1,VERB
map,2,VERB
medicine,1,NOUN
dose,1,NOUN
cm.is,1,PROPN
Nuri,1,PROPN
m/s,1,PROPN
8)is,1,ADJ
gradient,1,NOUN
4).Point,1,PROPN
far,1,ADV
in,1,ADV
ride,1,NOUN
Martina,1,PROPN
Correct,1,PROPN
subtract,1,VERB
-5,2,"NOUN, PROPN"
Bradley,1,PROPN
description,1,NOUN
Description,1,PROPN
trigonometrical,1,ADJ
Karol,1,PROPN
label,2,VERB
double,1,NOUN
region?Tick,1,PROPN
empty,1,VERB
depth,1,NOUN
motorbike,1,NOUN
complete,1,VERB
last,1,VERB
Leo,1,PROPN
molly,2,"ADJ, ADV"
workeda,1,NOUN
Amina,1,PROPN
deliver,3,VERB
fix,2,VERB
9.give,1,ADJ
gannet,1,NOUN
island,1,NOUN
follow,2,VERB
n,1,NOUN
thousands.x,1,NOUN
Composite,1,PROPN
container?circle,1,NOUN
visit,1,VERB
funfair,1,NOUN
child,1,NOUN
bicycle,1,NOUN
hFrom,1,PROPN
further,1,ADJ
APO,1,PROPN
region,1,NOUN
Faisal,1,PROPN
12).work,1,VERB
2a,1,NOUN
function,1,NOUN
correct?Explain,1,VERB
route,1,NOUN
Y.One,1,PROPN
milesroute,1,NOUN
cool,1,VERB
jump,1,VERB
Function,1,PROPN
Tenzin,1,PROPN
code,3,NOUN
Digits,1,PROPN
code,2,NOUN
depend,1,VERB
goat,1,NOUN
produce,1,VERB
Rosie,1,PROPN
notice,1,NOUN
magazine,1,NOUN
depreciate,2,VERB
by,1,ADV
rationalise,1,VERB
foot,1,NOUN
buzzer,1,NOUN
sound,1,VERB
bell,1,NOUN
Mel,3,PROPN
IO,1,PROPN
reduction,1,NOUN
increase,1,VERB
watch,3,"NOUN, VERB"
season,1,NOUN
425or,1,PROPN
separate,1,ADJ
wear,1,VERB
pencil,2,NOUN
pen,3,NOUN
musical,1,ADJ
instrument,1,NOUN
Mercury,1,PROPN
expected,1,ADJ
future,1,ADJ
Seapron,1,PROPN
United,1,PROPN
overall,1,ADJ
Viv,1,PROPN
form?circle,1,NOUN
Naoby,1,PROPN
Mills,1,PROPN
treat,1,NOUN
cat,1,NOUN
Fluff,1,PROPN
Tigger,1,PROPN
Miriam,1,PROPN
birth,1,NOUN
bus,1,NOUN
Barton,1,PROPN
paint,1,VERB
sandwich,1,NOUN
snack,1,NOUN
snack,1,NOUN
Sydney,1,PROPN
Australia,1,PROPN
railticket,1,NOUN
Cheaptrains,1,PROPN
website,1,NOUN
credit,1,NOUN
booking,1,NOUN
fee,1,NOUN
Nadia,1,PROPN
Railtickets,1,PROPN
cheaptrain,1,NOUN
laptop,1,NOUN
laptop10,1,NOUN
ocean,1,NOUN
Surface,1,PROPN
insquare,1,ADJ
Indian,1,PROPN
Southern,1,PROPN
Atlantic,1,PROPN
timetable,1,NOUN
timetable,1,VERB
Jamal,1,PROPN
d.,1,PROPN
h?You,1,VERB
Edith,1,PROPN
safely,1,ADV
sack,1,NOUN
America,1,PROPN
Planet,1,PROPN
Uranus,1,PROPN
Mitul,1,PROPN
content,1,NOUN
sure,1,ADJ
PredictionFor,1,PROPN
Teresa,1,PROPN
clock,1,NOUN
chime,1,VERB
light,1,"ADJ, NOUN"
chime,1,NOUN
together?Show,1,PROPN
uranium,1,NOUN
atom,1,NOUN
atom,1,NOUN
main,1,NOUN
Lottie,1,PROPN
sheet,2,NOUN
thick,1,ADJ
sheet,2,NOUN
printer,1,NOUN
paper?you,1,NOUN
bounce,1,VERB
quarter,1,NOUN
television,1,NOUN
spending,2,NOUN
Item,1,PROPN
percentage,1,NOUN
next,1,ADJ
rise,1,VERB
slab,1,NOUN
patio?you,1,NOUN
write,1,VERB
Competitiona,1,PROPN
prize,2,NOUN
known,1,ADJ
star,1,NOUN
.He,1,PROPN
millimetre,1,NOUN
attendance,1,NOUN
Present,1,PROPN
Absent,1,PROPN
present,1,"ADJ, VERB"
Toby,1,PROPN
invest,1,VERB
Watkins,1,PROPN
central,1,ADJ
already,1,ADV
repetition,1,NOUN
sausage,1,NOUN
Wenford,1,PROPN
2014give,1,NOUN
microwave,1,NOUN
oven,1,NOUN
oven,1,NOUN
P.The,1,PROPN
leak,1,NOUN
Vt,1,PROPN
Vo,1,PROPN
+1,1,NOUN
kVt,1,NOUN
Newtons,1,PROPN
apply,1,VERB
Jerry,1,PROPN
loss,1,NOUN
league,1,NOUN
eastbound,1,ADJ
westbound,1,ADJ
method,1,NOUN
code,1,NOUN
Method,1,PROPN
codes?you,1,NOUN
grey,1,ADJ
Vlad,1,PROPN
landing,1,NOUN
Lijuan,1,PROPN
dollar,1,NOUN
microwave,1,NOUN
60.She,1,NOUN
repair,1,NOUN
redelivery,1,NOUN
order,1,"NOUN, VERB"
show,1,VERB
expect,1,VERB
income,1,NOUN
Population,1,PROPN
claim?you,1,NOUN
employ,1,VERB
labourers14,1,NOUN
joiners9,1,NOUN
electricians8,1,PROPN
job,2,NOUN
Lunch,1,PROPN
vegan,1,NOUN
lunch,1,NOUN
steel,2,NOUN
rod,1,NOUN
symbol,1,NOUN
Shelley,1,PROPN
Pauline,1,PROPN
Emily,1,PROPN
50p,1,NOUN
factory,1,NOUN
Order,1,PROPN
Discount,1,PROPN
coloured,1,ADJ
clothing,1,NOUN
nutritional,1,ADJ
serving,1,NOUN
carbohydrate,1,VERB
protein,1,NOUN
Fats,1,PROPN
serve,1,VERB
carbohydrate,1,NOUN
Eve,1,PROPN
Thursday?Show,1,PROPN
nominate,1,VERB
Alice,1,PROPN
Gabi,1,PROPN
Paddy,1,PROPN
winner,2,NOUN
choir,1,NOUN
Interest:3,1,PROPN
compoundinterest,1,ADJ
Interest:4,1,PROPN
"year,3",1,NOUN
yearand2,1,NOUN
withdrawal,1,NOUN
theend,1,NOUN
withdrawal,1,NOUN
allow,1,VERB
atany,1,PROPN
Derrick,1,PROPN
penny,1,NOUN
bulb,1,NOUN
tulip,1,"ADJ, NOUN"
meet,2,VERB
Area,1,PROPN
Z,1,PROPN
x4,1,PROPN
Rhiana,1,PROPN
Maths.20,1,PROPN
English.14,1,PROPN
French.18,1,VERB
english.11,1,ADJ
French.4,1,PROPN
0.6If,1,NOUN
lolly,1,NOUN
freezer,1,NOUN
lolly,1,"ADV, NOUN"
strawberry,1,NOUN
mint,2,NOUN
Julius,1,PROPN
Nomusa,1,PROPN
sweets7,1,NOUN
aniseed,1,NOUN
sweets5,1,PROPN
red?You,1,PROPN
drop,2,VERB
land,2,VERB
Rachael,2,PROPN
green.2,1,NOUN
Niklas,1,PROPN
Blue,1,PROPN
Neymar,1,PROPN
postcard,1,NOUN
post,1,VERB
Portugal,1,PROPN
Sergio,1,PROPN
postcard,1,NOUN
B?You,1,PROPN
item,1,NOUN
Jeat,1,PROPN
grow,1,VERB
carrot,1,NOUN
Sami,1,PROPN
like,1,VERB
drinks19,1,NOUN
drinks.16,1,PROPN
milk.21,1,PROPN
milk.24,1,PROPN
milk.40,1,PROPN
select,2,VERB
owner,2,NOUN
carry,1,VERB
morning,1,NOUN
speak,1,VERB
at,1,ADV
reach,1,VERB
winsif,1,NOUN
missing,1,ADJ
Yvonne,1,PROPN
tulips.3,1,NOUN
tulip,1,NOUN
outcome,1,NOUN
skate,1,VERB
bowl,1,VERB
probability,1,NOUN
Tania,1,PROPN
independently,1,ADV
vegetable,1,NOUN
Carolyn,1,PROPN
plain,1,ADJ
biscuits5,1,NOUN
biscuits3,1,NOUN
Lorna,1,PROPN
carry,2,VERB
Olga,1,PROPN
sock,1,NOUN
drawer,1,NOUN
Joshua,1,PROPN
sock,1,NOUN
French2,1,PROPN
spanish4,1,NOUN
German7,1,PROPN
Spanish8,1,PROPN
languagesall,1,NOUN
women.12,1,NOUN
French.73,1,NOUN
Spanish.55,1,NOUN
Spanish.9,1,PROPN
dart,1,NOUN
grace,1,NOUN
Dani,1,PROPN
replacement,1,NOUN
Pippa,1,PROPN
remember,1,VERB
numberthe,1,ADJ
16the,1,ADJ
bowl.4,1,NOUN
blackcurrant.5,1,NOUN
lemon.7,1,PROPN
Ravi,1,PROPN
snooker,1,NOUN
Marco,1,PROPN
Judd,1,PROPN
Grace,1,PROPN
Orange,1,PROPN
teacher,2,NOUN
region?circle,1,NOUN
∩,1,ADJ
A'∩,1,PROPN
A'U,1,PROPN
cupboard,1,NOUN
tower,3,NOUN
layer,1,NOUN
layer,1,NOUN
White,1,PROPN
jane,1,NOUN
tail,1,NOUN
experimental,1,ADJ
Dora,1,PROPN
total,1,NOUN
section.88,1,PROPN
own,1,VERB
Amir,1,PROPN
design,1,VERB
expect,2,VERB
rabbit,1,NOUN
hide,1,VERB
replace,1,VERB
study,1,VERB
college.35,1,NOUN
.Each,1,PROPN
Alan,1,PROPN
B.Each,1,PROPN
BC.AB,1,PROPN
GH,1,PROPN
BF,1,PROPN
EF,2,PROPN
EX,1,PROPN
AG,1,PROPN
ABFE,1,PROPN
B.There,1,PROPN
b.complete,1,NOUN
sprinkler,1,NOUN
sprinkler,1,NOUN
equidistant,1,ADJ
cd.the,1,NOUN
allow,1,VERB
boat,1,NOUN
e.find,1,ADV
decoration,1,NOUN
working.[The,1,PROPN
Weaver,1,PROPN
pond,1,NOUN
need?You,1,PROPN
material,1,NOUN
entirely,1,ADV
plastic,1,NOUN
b.give,1,NOUN
ABC.Show,1,PROPN
×).Label,1,PROPN
Vicky,1,PROPN
waterproof,1,VERB
coat,1,NOUN
Abelie,1,PROPN
fly,1,VERB
Dubai,1,PROPN
Rome,1,PROPN
extere,1,VERB
60cm2.give,1,NOUN
pool,2,NOUN
tanker,1,NOUN
answer.(1,1,PROPN
near,1,"ADJ, ADV"
Arron,1,PROPN
Liverpool,1,PROPN
frustrum,1,NOUN
mn,1,NOUN
m2work,1,NOUN
hold,1,VERB
life,1,NOUN
High,1,PROPN
Jodie,1,PROPN
measurement,1,NOUN
prism,2,NOUN
pit,1,NOUN
Pythagoras,1,PROPN
Anne,1,PROPN
hang,1,VERB
basket,1,NOUN
compost,1,NOUN
basket,1,NOUN
corner,4,NOUN
trolley,1,NOUN
time?You,1,PROPN
abcde.the,1,NOUN
mid,1,NOUN
BD.AE,1,PROPN
ABCDE,1,PROPN
C.Line,1,PROPN
church,1,NOUN
Church,1,PROPN
church,1,NOUN
.Label,1,PROPN
inaccurate,1,ADJ
triangle,2,NOUN
cosincrease,1,NOUN
decrease?you,1,NOUN
Calvin,1,PROPN
metera,1,NOUN
plus91.22p,1,NOUN
arecm,1,NOUN
CAB,1,PROPN
GAC,1,PROPN
cm2.you,1,NOUN
Amton,1,PROPN
Bisham,1,PROPN
Tame,1,PROPN
Valley,1,PROPN
yoghurt,1,NOUN
tray,1,NOUN
pot,1,NOUN
motor,1,NOUN
racing,1,NOUN
circuit,1,NOUN
circuit?You,1,NOUN
Omondi,1,PROPN
close,1,VERB
Trianglehas,1,PROPN
deduce,1,VERB
framework,1,NOUN
rod,1,NOUN
conservatory,1,NOUN
needs?you,1,VERB
radar,1,NOUN
aircraft,1,NOUN
photocopier,1,NOUN
Monty,1,PROPN
fence,1,NOUN
condition,1,NOUN
buy?You,1,PROPN
Saphia,1,PROPN
organise,1,VERB
People,1,NOUN
fencing,1,NOUN
pet,1,ADJ
hours.(1,1,PROPN
Janie,1,PROPN
Barnsley,1,PROPN
Leeds,1,PROPN
solid,2,NOUN
volume?you,1,NOUN
ball?you,1,NOUN
VABCD,1,PROPN
tile,1,NOUN
cmThe,1,VERB
cmhow,1,NOUN
short,1,ADJ
Stanley,1,PROPN
east,1,NOUN
.From,1,PROPN
south,2,NOUN
cup,1,NOUN
cup,1,NOUN
partbe,1,VERB
unreliable,1,ADJ
octahedron,1,NOUN
pyramid,1,NOUN
basis,1,NOUN
stick,1,VERB
cm3.the,1,NOUN
octahedron.[the,1,NOUN
position,1,VERB
trianglefrom,1,PROPN
.given,1,NOUN
Levi,1,PROPN
ribbon,1,NOUN
inch,1,NOUN
object,1,NOUN
13cm,1,NOUN
granite,1,NOUN
AB.DE,1,PROPN
DE,1,PROPN
-4,1,PROPN
A3,1,PROPN
m2.the,1,NOUN
SSS,1,PROPN
SAS,1,PROPN
ASA,1,PROPN
RHS,1,PROPN
rhombus,1,NOUN
assumption,1,NOUN
a.give,1,ADJ
monster,1,NOUN
monster,1,NOUN
solid,1,ADJ
120cm3,1,PROPN
AAA,1,PROPN
D.Angle,1,PROPN
BDQ,1,PROPN
tower,1,NOUN
Kuwait,1,PROPN
Quadrilaterals,1,PROPN
LMNP,1,NOUN
LAngle,1,PROPN
MAngle,1,PROPN
NAngle,1,PROPN
LP,1,PROPN
Dylan,1,PROPN
hexagonalprism,1,NOUN
basedpyramid,1,"NOUN, PROPN"
pentagonalprism,1,NOUN
Points,1,PROPN
EDF,1,PROPN
ODC,1,PROPN
clay,1,NOUN
Clay,1,PROPN
0)circle,1,NOUN
awhole,1,ADJ
rotate,1,VERB
EFD,1,PROPN
FDE,1,PROPN
HDF,1,PROPN
ADC,1,PROPN
O.M,1,PROPN
CD.OM,1,PROPN
ON,1,PROPN
OCD,1,PROPN
−2).Label,1,PROPN
congruent?give,1,VERB
R.Shape,1,PROPN
S.,1,PROPN
BCircle,1,PROPN
0)label,1,VERB
reflect,1,VERB
D.She,1,PROPN
haseither,1,VERB
CD.AED,1,PROPN
BEC,1,PROPN
CDE,1,PROPN
oa.oa,1,NOUN
OD,1,PROPN
OC,1,PROPN
OE,1,PROPN
OED,1,PROPN
solid,1,NOUN
exercise,1,NOUN
situation?tick,1,NOUN
mean,1,ADJ
Mode,1,PROPN
average,1,NOUN
publisher,1,NOUN
physics,1,NOUN
chemistry,1,NOUN
sponsor,1,VERB
raise,1,VERB
Test,1,PROPN
Sameena,1,PROPN
Shortest,1,PROPN
long,1,ADJ
110The,1,PROPN
between,1,ADV
necklace,1,NOUN
jeweller,1,NOUN
necklace,1,NOUN
rainfall,1,NOUN
statement?explain,1,ADJ
appointment,1,NOUN
lorry,1,NOUN
Quartile,1,PROPN
Greatest,2,PROPN
value,1,NOUN
Lucia,1,PROPN
revise,1,VERB
home,1,NOUN
Molly,1,PROPN
ofcustomers,1,PROPN
weak,1,ADJ
negativeStrong,1,PROPN
negativeNo,1,PROPN
Graham,1,PROPN
apartment,1,NOUN
centre(km,1,NOUN
Monthly,1,PROPN
rent(£,1,PROPN
great,1,ADJ
perform,1,VERB
dancers.3,1,NOUN
street,1,NOUN
jazz,1,NOUN
ring,1,VERB
reply,1,NOUN
Cumulative,1,PROPN
investigate,1,VERB
estimate,1,VERB
ask,1,VERB
colleague,1,NOUN
summarise,1,VERB
Males,1,PROPN
tend,1,VERB
dancer,1,NOUN
non,1,ADJ
Fran,1,PROPN
Injury,1,PROPN
word,1,NOUN
continuous,1,ADJ
discrete,1,NOUN
ungrouped,1,ADJ
wait,1,VERB
age(years,1,PROPN
value(£,1,PROPN
uk.she,1,NOUN
land,1,VERB
Day,1,PROPN
affect,1,VERB
fog,1,NOUN
was?give,1,NOUN
Percy,1,PROPN
40m2,1,NOUN
60m2,1,PROPN
publish,1,VERB
60.The,1,PROPN
cherry,1,NOUN
pear,1,NOUN
plum,1,NOUN
orchard,1,NOUN
pictogram,1,NOUN
andpear,1,ADJ
reliable?explain,1,VERB
conclusion,1,NOUN
science,1,NOUN
Science,1,PROPN
car,1,NOUN
Farm,1,PROPN
winter,1,NOUN
night,1,NOUN
prediction?tick,1,NOUN
athlete,1,NOUN
distance,1,NOUN
triple,1,ADJ
dress,1,NOUN
obstacle,1,NOUN
compete,1,VERB
boy,1,NOUN
Girls,1,PROPN
mark?You,1,PROPN
Nalini,1,PROPN
betweencm,1,NOUN
andcm,1,PROPN
matrix,1,NOUN
